id,circlecount,size (radius),time (ns),overlap (square units),nancount,Time
Packomania 0 (100),100,11.22161834,12905208,1.96E-21,0,0s:12ms
Packomania 0 (105),105,11.64994408,29790763,2.25E-21,0,0s:29ms
Packomania 0 (110),110,11.92957553,10852227,2.45E-21,0,0s:10ms
Packomania 0 (115),115,11.98886264,11424446,3.36E-21,0,0s:11ms
Packomania 0 (120),120,12.13552873,11152672,3.70E-21,0,0s:11ms
Packomania 0 (125),125,12.63447234,11581498,3.91E-21,0,0s:11ms
Packomania 0 (130),130,12.82320937,11963387,4.19E-21,0,0s:11ms
Packomania 0 (135),135,13.01998336,22321851,4.35E-21,0,0s:22ms
Packomania 0 (140),140,13.22020185,31092788,3.65E-21,0,0s:31ms
Packomania 0 (145),145,13.60654706,28910946,3.88E-21,0,0s:28ms
Packomania 0 (150),150,13.69673582,16990768,5.46E-21,0,0s:16ms
Packomania 0 (155),155,13.83517111,15153319,5.48E-21,0,0s:15ms
Packomania 0 (160),160,14.23855201,21699000,5.75E-21,0,0s:21ms
Packomania 0 (165),165,14.37576869,16738900,7.95E-21,0,0s:16ms
Packomania 0 (170),170,14.46358601,19021043,5.09E-21,0,0s:19ms
Packomania 0 (175),175,14.81122732,17640949,5.56E-21,0,0s:17ms
Packomania 0 (180),180,15.04283402,16988876,8.22E-21,0,0s:16ms
Packomania 0 (185),185,15.17744688,18070906,8.49E-21,0,0s:18ms
Packomania 0 (190),190,15.44005747,18633414,5.98E-21,0,0s:18ms
Packomania 0 (195),195,15.54379912,19370019,6.27E-21,0,0s:19ms
Packomania 0 (200),200,15.75119643,21760832,7.64E-21,0,0s:21ms
Packomania 0 (205),205,15.90805152,23967975,7.74E-21,0,0s:23ms
Packomania 0 (210),210,16.14931768,23457723,1.23E-20,0,0s:23ms
Packomania 0 (215),215,16.28243481,26016400,8.26E-21,0,0s:26ms
Packomania 0 (220),220,16.39890905,29060950,1.25E-20,0,0s:29ms
Packomania 0 (225),225,16.53490693,26256935,8.79E-21,0,0s:26ms
Packomania 0 (230),230,16.90713793,30289961,8.82E-21,0,0s:30ms
Packomania 0 (235),235,17.06514106,29942206,8.96E-21,0,0s:29ms
Packomania 0 (240),240,17.14963914,30057686,1.32E-20,0,0s:30ms
Packomania 0 (245),245,17.25299972,28763207,1.38E-20,0,0s:28ms
Packomania 0 (250),250,17.37070554,30159133,1.38E-20,0,0s:30ms
Packomania 0 (255),255,17.72628456,77899751,1.40E-20,0,0s:77ms
Packomania 0 (260),260,17.89235924,47569211,1.20E-20,0,0s:47ms
Packomania 0 (265),265,17.95759417,33291989,1.63E-20,0,0s:33ms
Packomania 0 (270),270,18.1410252,32222053,1.24E-20,0,0s:32ms
Packomania 0 (275),275,18.22469348,33681160,1.33E-20,0,0s:33ms
Packomania 0 (280),280,18.42182539,34081705,1.91E-20,0,0s:34ms
Packomania 0 (285),285,18.64160813,36953520,1.39E-20,0,0s:36ms
Packomania 0 (290),290,18.84293615,36775823,1.39E-20,0,0s:36ms
Packomania 0 (295),295,18.98816179,36666358,2.02E-20,0,0s:36ms
Packomania 0 (300),300,19.08109305,38785633,1.44E-20,0,0s:38ms
Packomania 0 (305),305,19.2032964,37947696,1.56E-20,0,0s:37ms
Packomania 0 (310),310,19.33030278,40213006,1.57E-20,0,0s:40ms
Packomania 0 (315),315,19.69442381,42879415,2.22E-20,0,0s:42ms
Packomania 0 (320),320,19.80458365,42581686,2.22E-20,0,0s:42ms
Packomania 0 (325),325,19.84030353,41739643,1.70E-20,0,0s:41ms
Packomania 0 (330),330,20.01547278,42855499,1.74E-20,0,0s:42ms
Packomania 0 (335),335,20.13950611,43761766,1.74E-20,0,0s:43ms
Packomania 0 (340),340,20.36069426,44933435,1.75E-20,0,0s:44ms
Packomania 0 (345),345,20.52304634,47986908,2.48E-20,0,0s:47ms
Packomania 0 (350),350,20.54895489,46359665,1.85E-20,0,0s:46ms
Packomania 0 (355),355,20.65684098,49086072,2.67E-20,0,0s:49ms
Packomania 0 (360),360,20.84615385,51578266,2.77E-20,0,0s:51ms
Packomania 0 (365),365,20.99467385,54972548,2.84E-20,0,0s:54ms
Packomania 0 (370),370,21.11897793,52836442,2.13E-20,0,0s:52ms
Packomania 0 (375),375,21.31745675,53582781,2.35E-20,0,0s:53ms
Packomania 0 (380),380,21.43793492,55219386,2.36E-20,0,0s:55ms
Packomania 0 (385),385,21.55684318,56805205,2.87E-20,0,0s:56ms
Packomania 0 (390),390,21.66453015,56079853,3.00E-20,0,0s:56ms
Packomania 0 (395),395,21.74769638,59129905,3.11E-20,0,0s:59ms
Packomania 0 (400),400,21.90476642,58817291,3.18E-20,0,0s:58ms
Packomania 0 (405),405,22,59655522,2.68E-20,0,0s:59ms
Packomania 0 (410),410,22.21107361,61652805,3.22E-20,0,0s:61ms
Packomania 0 (415),415,22.36756008,62875945,3.32E-20,0,0s:62ms
Packomania 0 (420),420,22.42664798,64350462,3.36E-20,0,0s:64ms
Packomania 0 (425),425,22.59797658,65207455,3.45E-20,0,0s:65ms
Packomania 0 (430),430,22.71491227,73279774,2.94E-20,0,0s:73ms
Packomania 0 (435),435,22.82631792,70437785,3.61E-20,0,0s:70ms
Packomania 0 (440),440,22.9918728,70288278,3.68E-20,0,0s:70ms
Packomania 0 (445),445,23.16635288,68900599,3.18E-20,0,0s:68ms
Packomania 0 (450),450,23.21726014,71267880,3.37E-20,0,0s:71ms
Packomania 0 (455),455,23.35825976,71223649,3.38E-20,0,0s:71ms
Packomania 0 (460),460,23.4155135,74376057,3.58E-20,0,0s:74ms
Packomania 0 (465),465,23.47988939,76028352,3.58E-20,0,0s:76ms
Packomania 0 (470),470,23.74258017,78410440,4.46E-20,0,0s:78ms
Packomania 0 (475),475,23.79408362,78184347,3.78E-20,0,0s:78ms
Packomania 0 (480),480,23.91287847,80155334,4.72E-20,0,0s:80ms
Packomania 0 (485),485,24.15787342,80462709,4.74E-20,0,0s:80ms
Packomania 0 (490),490,24.24517941,81339075,4.77E-20,0,0s:81ms
Packomania 0 (495),495,24.33288393,85616521,4.79E-20,0,0s:85ms
Packomania 0 (500),500,24.52429941,87942005,4.26E-20,0,0s:87ms
Packomania 0 (510),510,24.64451562,86973691,5.13E-20,0,0s:86ms
Packomania 0 (520),520,24.87322808,89065643,5.51E-20,0,0s:89ms
Packomania 0 (530),530,25.07703685,94002372,4.99E-20,0,0s:94ms
Packomania 0 (540),540,25.33613662,100214772,5.80E-20,0,0s:100ms
Packomania 0 (550),550,25.58992395,99358838,5.25E-20,0,0s:99ms
Packomania 0 (560),560,25.69331893,103222552,5.44E-20,0,0s:103ms
Packomania 0 (570),570,25.9803014,108486748,5.59E-20,0,0s:108ms
Packomania 0 (580),580,26.05992817,107206266,6.63E-20,0,0s:107ms
Packomania 0 (590),590,26.52822526,119552285,6.88E-20,0,0s:119ms
Packomania 0 (600),600,26.68680507,114392692,7.06E-20,0,0s:114ms
Packomania 0 (610),610,26.78209063,122653174,7.24E-20,0,0s:122ms
Packomania 0 (620),620,27.0673468,120200122,6.78E-20,0,0s:120ms
Packomania 0 (630),630,27.28687886,131502066,7.00E-20,0,0s:131ms
Packomania 0 (640),640,27.53206826,126667253,7.22E-20,0,0s:126ms
Packomania 0 (650),650,27.64006425,133088899,8.85E-20,0,0s:133ms
Packomania 0 (660),660,27.90817651,136195626,9.15E-20,0,0s:136ms
Packomania 0 (670),670,28.05549852,139900517,9.40E-20,0,0s:139ms
Packomania 0 (680),680,28.40100025,144201782,9.52E-20,0,0s:144ms
Packomania 0 (690),690,28.54406055,146573013,8.82E-20,0,0s:146ms
Packomania 0 (700),700,28.67815023,145744573,1.05E-19,0,0s:145ms
Packomania 0 (710),710,29.0038737,148545715,9.24E-20,0,0s:148ms
Packomania 0 (720),720,29.0620614,151361273,9.65E-20,0,0s:151ms
Packomania 0 (730),730,29.36511542,163361926,1.11E-19,0,0s:163ms
Packomania 0 (740),740,29.50721237,156882888,1.19E-19,0,0s:156ms
Packomania 0 (750),750,29.67871233,160033523,1.06E-19,0,0s:160ms
Packomania 0 (760),760,29.95424395,167763028,1.28E-19,0,0s:167ms
Packomania 0 (770),770,30.24545905,172648674,1.30E-19,0,0s:172ms
Packomania 0 (780),780,30.32137294,171078250,1.32E-19,0,0s:171ms
Packomania 0 (790),790,30.50260509,185316849,1.34E-19,0,0s:185ms
Packomania 0 (800),800,30.67818507,174124206,1.20E-19,0,0s:174ms
Packomania 0 (810),810,30.77681777,187812202,1.41E-19,0,0s:187ms
Packomania 0 (820),820,30.95359671,182595505,1.23E-19,0,0s:182ms
Packomania 0 (830),830,31.13285519,187202962,1.24E-19,0,0s:187ms
Packomania 0 (840),840,31.2654919,197400892,1.28E-19,0,0s:197ms
Packomania 0 (850),850,31.54653575,202178181,1.32E-19,0,0s:202ms
Packomania 0 (860),860,31.78271508,207304373,1.36E-19,0,0s:207ms
Packomania 0 (870),870,31.89169848,207811897,1.64E-19,0,0s:207ms
Packomania 0 (880),880,32.04702079,215898548,1.74E-19,0,0s:215ms
Packomania 0 (890),890,32.23994446,215271643,1.77E-19,0,0s:215ms
Packomania 0 (900),900,32.42027288,215358307,1.87E-19,0,0s:215ms
Packomania 0 (910),910,32.66989681,224262240,1.92E-19,0,0s:224ms
Packomania 0 (920),920,32.78388285,227521345,1.92E-19,0,0s:227ms
Packomania 0 (930),930,32.89079936,231251073,1.93E-19,0,0s:231ms
Packomania 0 (940),940,33.11875264,234193754,1.63E-19,0,0s:234ms
Packomania 0 (950),950,33.18695388,232106141,1.95E-19,0,0s:232ms
Packomania 0 (960),960,33.54983256,248201676,1.99E-19,0,0s:248ms
Packomania 0 (970),970,33.65881357,253300146,2.02E-19,0,0s:253ms
Packomania 0 (980),980,33.80753366,253021960,1.81E-19,0,0s:253ms
Packomania 0 (990),990,33.96319611,246774368,1.91E-19,0,0s:246ms
Packomania 0 (1000),1000,34.19787581,252057118,1.94E-19,0,0s:252ms
Packomania 0 (1100),1100,35.8477868,295306265,2.41E-19,0,0s:295ms
Packomania 0 (1200),1200,37.28489633,336890560,2.94E-19,0,0s:336ms
Packomania 0 (1300),1300,38.89323424,391075282,3.45E-19,0,0s:391ms
Packomania 0 (1400),1400,40.26528552,425389057,3.81E-19,0,0s:425ms
Packomania 0 (1500),1500,41.68391561,472295495,4.29E-19,0,0s:472ms
Packomania 0 (1600),1600,42.93386435,530941288,4.76E-19,0,0s:530ms
Packomania 0 (1700),1700,44.30874729,581339368,6.18E-19,0,0s:581ms
Packomania 0 (1800),1800,45.52705198,644038716,7.04E-19,0,0s:644ms
Packomania 0 (1900),1900,46.78978667,698443738,6.85E-19,0,0s:698ms
Packomania 0 (2000),2000,47.98140222,747911182,7.66E-19,0,0s:747ms
Packomania 0 (3000),3000,58.49108183,1447660770,1.76E-18,0,1s:447ms
Packomania 0 (4000),4000,67.45994578,2325553502,3.07E-18,0,2s:325ms
Packomania 0 (5000),5000,75.2832421,3237350716,4.80E-18,0,3s:237ms
Packomania 0 (6000),6000,82.39743073,4300217698,7.21E-18,0,4s:300ms
Packomania 0 (7000),7000,88.91507648,5544646568,1.03E-17,0,5s:544ms
Packomania 0 (8000),8000,95.01109884,6842782713,1.43E-17,0,6s:842ms
Packomania 0 (9000),9000,100.6438734,8315717900,1.89E-17,0,8s:315ms
Packomania 0 (10000),10000,106.0253597,9848600623,2.32E-17,0,9s:848ms
Packomania 0 (11000),11000,111.1346661,11309738788,3.14E-17,0,11s:309ms
Packomania 0 (12000),12000,116.0794088,12915675230,3.76E-17,0,12s:915ms
Packomania 0 (13000),13000,120.7501442,14766354806,4.43E-17,0,14s:766ms
Packomania 0 (14000),14000,125.3002024,16606776209,5.07E-17,0,16s:606ms
Packomania 1/2 (100),100,79.96233173,8372416,6.94E-20,0,0s:8ms
Packomania 1/2 (105),105,84.05143842,9100304,7.37E-20,0,0s:9ms
Packomania 1/2 (110),110,87.78557861,9963723,1.02E-19,0,0s:9ms
Packomania 1/2 (115),115,91.45993336,10613452,7.77E-20,0,0s:10ms
Packomania 1/2 (120),120,95.12707047,11377845,1.12E-19,0,0s:11ms
Packomania 1/2 (125),125,98.77159523,12078656,8.44E-20,0,0s:12ms
Packomania 1/2 (130),130,103.1136716,12985851,1.26E-19,0,0s:12ms
Packomania 1/2 (135),135,106.654298,14208520,1.35E-19,0,0s:14ms
Packomania 1/2 (140),140,110.5885873,14445825,1.38E-19,0,0s:14ms
Packomania 1/2 (145),145,114.4085476,15772178,1.71E-19,0,0s:15ms
Packomania 1/2 (150),150,118.8037909,16605024,2.24E-19,0,0s:16ms
Packomania 1/2 (155),155,122.7246615,17134931,1.71E-19,0,0s:17ms
Packomania 1/2 (160),160,126.306219,17887711,2.21E-19,0,0s:17ms
Packomania 1/2 (165),165,130.1440849,19504619,2.69E-19,0,0s:19ms
Packomania 1/2 (170),170,133.468773,19990995,2.18E-19,0,0s:19ms
Packomania 1/2 (175),175,137.7670791,20958687,2.92E-19,0,0s:20ms
Packomania 1/2 (180),180,142.2191787,22482249,2.50E-19,0,0s:22ms
Packomania 1/2 (185),185,145.7746463,23471735,2.72E-19,0,0s:23ms
Packomania 1/2 (190),190,149.2413921,23554404,3.48E-19,0,0s:23ms
Packomania 1/2 (195),195,153.4548863,24638172,2.96E-19,0,0s:24ms
Packomania 1/2 (200),200,157.7215756,25881336,3.20E-19,0,0s:25ms
Packomania 1/2 (205),205,161.1156616,27466970,4.83E-19,0,0s:27ms
Packomania 1/2 (210),210,165.1317966,27268002,4.46E-19,0,0s:27ms
Packomania 1/2 (215),215,169.0203607,28239560,5.05E-19,0,0s:28ms
Packomania 1/2 (220),220,172.5390454,29981948,4.51E-19,0,0s:29ms
Packomania 1/2 (225),225,177.542319,31709536,5.21E-19,0,0s:31ms
Packomania 1/2 (230),230,180.714303,32612546,5.19E-19,0,0s:32ms
Packomania 1/2 (235),235,184.5412236,33371011,5.35E-19,0,0s:33ms
Packomania 1/2 (240),240,188.7016149,34394647,5.37E-19,0,0s:34ms
Packomania 1/2 (245),245,192.2475854,35081796,6.17E-19,0,0s:35ms
Packomania 1/2 (250),250,195.7658459,37129509,6.22E-19,0,0s:37ms
Packomania 1/2 (255),255,200.4262244,37110582,6.71E-19,0,0s:37ms
Packomania 1/2 (260),260,203.7903222,38548995,8.38E-19,0,0s:38ms
Packomania 1/2 (265),265,207.6218597,39258385,8.89E-19,0,0s:39ms
Packomania 1/2 (270),270,211.3834331,40293546,8.55E-19,0,0s:40ms
Packomania 1/2 (275),275,215.1642398,42550826,9.50E-19,0,0s:42ms
Packomania 1/2 (280),280,219.2278677,43299261,8.38E-19,0,0s:43ms
Packomania 1/2 (285),285,223.656158,43787898,9.54E-19,0,0s:43ms
Packomania 1/2 (290),290,226.903278,45668350,9.43E-19,0,0s:45ms
Packomania 1/2 (295),295,230.7994902,46801155,1.10E-18,0,0s:46ms
Packomania 1/2 (300),300,234.6681225,47681183,9.59E-19,0,0s:47ms
Packomania 1/2 (305),305,238.5051768,50266759,1.09E-18,0,0s:50ms
Packomania 1/2 (310),310,243.3099584,51870076,9.40E-19,0,0s:51ms
Packomania 1/2 (315),315,247.0706903,54361088,1.15E-18,0,0s:54ms
Packomania 1/2 (320),320,251.2033705,58123854,1.05E-18,0,0s:58ms
Packomania 1/2 (325),325,255.1719615,56915138,1.48E-18,0,0s:56ms
Packomania 1/2 (330),330,257.9970656,57022049,1.25E-18,0,0s:57ms
Packomania 1/2 (335),335,262.5511235,57753015,1.34E-18,0,0s:57ms
Packomania 1/2 (340),340,265.9126966,59128333,1.56E-18,0,0s:59ms
Packomania 1/2 (345),345,270.1469745,60487585,1.54E-18,0,0s:60ms
Packomania 1/2 (350),350,273.161874,60813382,1.50E-18,0,0s:60ms
Packomania 1/2 (355),355,277.8346517,64677978,1.52E-18,0,0s:64ms
Packomania 1/2 (360),360,281.1886388,64784742,1.82E-18,0,0s:64ms
Packomania 1/2 (365),365,284.9948165,66263356,1.81E-18,0,0s:66ms
Packomania 1/2 (370),370,289.3322195,70966198,1.85E-18,0,0s:70ms
Packomania 1/2 (375),375,292.9225658,68359276,2.19E-18,0,0s:68ms
Packomania 1/2 (380),380,296.0780502,68766937,2.06E-18,0,0s:68ms
Packomania 1/2 (385),385,301.0845836,71895305,1.98E-18,0,0s:71ms
Packomania 1/2 (390),390,304.3952004,72881825,2.09E-18,0,0s:72ms
Packomania 1/2 (395),395,308.1938475,74110528,2.03E-18,0,0s:74ms
Packomania 1/2 (400),400,312.5865133,75263227,2.16E-18,0,0s:75ms
Packomania 1/2 (405),405,316.4206369,80478983,2.27E-18,0,0s:80ms
Packomania 1/2 (410),410,320.6676396,81308554,2.22E-18,0,0s:81ms
Packomania 1/2 (415),415,323.4776434,82343832,2.26E-18,0,0s:82ms
Packomania 1/2 (420),420,327.0737374,86792049,2.54E-18,0,0s:86ms
Packomania 1/2 (425),425,333.1675337,85843586,2.53E-18,0,0s:85ms
Packomania 1/2 (430),430,335.4957382,83038535,2.61E-18,0,0s:83ms
Packomania 1/2 (435),435,339.5329845,92993333,3.24E-18,0,0s:92ms
Packomania 1/2 (440),440,342.7604707,94842089,3.25E-18,0,0s:94ms
Packomania 1/2 (445),445,346.1088676,92390232,3.15E-18,0,0s:92ms
Packomania 1/2 (450),450,350.8373936,92507269,3.24E-18,0,0s:92ms
Packomania 1/2 (455),455,354.4617437,92898188,2.98E-18,0,0s:92ms
Packomania 1/2 (460),460,357.7972301,94902703,3.37E-18,0,0s:94ms
Packomania 1/2 (465),465,362.1526092,100301482,3.59E-18,0,0s:100ms
Packomania 1/2 (470),470,366.4407143,103314176,3.09E-18,0,0s:103ms
Packomania 1/2 (475),475,369.4044264,101491368,3.49E-18,0,0s:101ms
Packomania 1/2 (480),480,373.6747202,102958360,3.90E-18,0,0s:102ms
Packomania 1/2 (485),485,377.4925095,102923419,3.82E-18,0,0s:102ms
Packomania 1/2 (490),490,382.1702947,103415388,3.39E-18,0,0s:103ms
Packomania 1/2 (495),495,385.9004623,109571063,4.40E-18,0,0s:109ms
Packomania 1/2 (500),500,388.6269025,111975825,4.12E-18,0,0s:111ms
Packomania 1/2 (510),510,397.4158857,111591399,4.46E-18,0,0s:111ms
Packomania 1/2 (520),520,405.3783735,121499008,5.09E-18,0,0s:121ms
Packomania 1/2 (530),530,413.0394354,120494133,4.54E-18,0,0s:120ms
Packomania 1/2 (540),540,419.465747,129738595,5.92E-18,0,0s:129ms
Packomania 1/2 (550),550,427.9764321,131518852,4.68E-18,0,0s:131ms
Packomania 1/2 (560),560,435.3921165,131837195,6.05E-18,0,0s:131ms
Packomania 1/2 (570),570,444.0256876,135331427,5.79E-18,0,0s:135ms
Packomania 1/2 (580),580,451.2569651,140212573,6.86E-18,0,0s:140ms
Packomania 1/2 (590),590,457.4949866,138916537,6.22E-18,0,0s:138ms
Packomania 1/2 (600),600,466.4985543,154476013,6.12E-18,0,0s:154ms
Packomania 1/2 (610),610,473.0908132,153024534,6.10E-18,0,0s:153ms
Packomania 1/2 (620),620,481.2584853,154672901,6.81E-18,0,0s:154ms
Packomania 1/2 (630),630,489.7126498,158540765,7.66E-18,0,0s:158ms
Packomania 1/2 (640),640,497.0666802,160833900,7.29E-18,0,0s:160ms
Packomania 1/2 (650),650,504.0676938,169236290,7.92E-18,0,0s:169ms
Packomania 1/2 (660),660,511.6301012,171669231,7.63E-18,0,0s:171ms
Packomania 1/2 (670),670,521.5962752,173547988,8.28E-18,0,0s:173ms
Packomania 1/2 (680),680,528.8311877,187560486,8.46E-18,0,0s:187ms
Packomania 1/2 (690),690,535.2035056,180387382,9.73E-18,0,0s:180ms
Packomania 1/2 (700),700,542.8952149,184804381,8.04E-18,0,0s:184ms
Packomania 1/2 (710),710,551.0170143,190464020,1.01E-17,0,0s:190ms
Packomania 1/2 (720),720,558.1588392,198638620,1.05E-17,0,0s:198ms
Packomania 1/2 (730),730,567.4901584,196576869,9.77E-18,0,0s:196ms
Packomania 1/2 (740),740,573.276518,203859958,1.23E-17,0,0s:203ms
Packomania 1/2 (750),750,581.2298345,204748798,1.20E-17,0,0s:204ms
Packomania 1/2 (760),760,589.8934426,216726800,1.39E-17,0,0s:216ms
Packomania 1/2 (770),770,597.0198136,222512318,1.40E-17,0,0s:222ms
Packomania 1/2 (780),780,603.3958875,225694949,1.32E-17,0,0s:225ms
Packomania 1/2 (790),790,611.1325072,220771027,1.28E-17,0,0s:220ms
Packomania 1/2 (800),800,620.0827022,233888146,1.54E-17,0,0s:233ms
Packomania 1/2 (810),810,626.0777735,238454376,1.44E-17,0,0s:238ms
Packomania 1/2 (820),820,634.6977106,241652848,1.64E-17,0,0s:241ms
Packomania 1/2 (830),830,641.9483441,243700207,1.59E-17,0,0s:243ms
Packomania 1/2 (840),840,651.1008618,249337613,1.86E-17,0,0s:249ms
Packomania 1/2 (850),850,658.3912185,261652855,1.63E-17,0,0s:261ms
Packomania 1/2 (860),860,665.2911313,258560434,1.59E-17,0,0s:258ms
Packomania 1/2 (870),870,674.2433128,261458062,2.05E-17,0,0s:261ms
Packomania 1/2 (880),880,682.0472412,266631212,2.02E-17,0,0s:266ms
Packomania 1/2 (890),890,688.9082822,268194840,1.93E-17,0,0s:268ms
Packomania 1/2 (900),900,696.3261205,276709390,2.05E-17,0,0s:276ms
Packomania 1/2 (910),910,704.5445243,287660775,2.30E-17,0,0s:287ms
Packomania 1/2 (920),920,711.0677811,280781567,2.00E-17,0,0s:280ms
Packomania 1/2 (930),930,719.4813428,296662106,2.16E-17,0,0s:296ms
Packomania 1/2 (940),940,727.8502734,296469442,2.19E-17,0,0s:296ms
Packomania 1/2 (950),950,735.2618414,316188855,2.29E-17,0,0s:316ms
Packomania 1/2 (960),960,743.0925736,312503306,2.40E-17,0,0s:312ms
Packomania 1/2 (970),970,749.4519742,309898332,2.17E-17,0,0s:309ms
Packomania 1/2 (980),980,757.0076874,330076755,2.72E-17,0,0s:330ms
Packomania 1/2 (990),990,767.011709,330279131,2.59E-17,0,0s:330ms
Packomania 1/2 (1000),1000,774.0131872,339832898,2.72E-17,0,0s:339ms
Packomania 1/2 (1100),1100,849.6728853,385873377,3.23E-17,0,0s:385ms
Packomania 1/2 (1200),1200,926.1796164,448673021,4.35E-17,0,0s:448ms
Packomania 1/2 (1300),1300,1001.604293,509208033,5.46E-17,0,0s:509ms
Packomania 1/2 (1400),1400,1079.798785,562801886,6.69E-17,0,0s:562ms
Packomania 1/2 (1500),1500,1156.055812,631406084,8.82E-17,0,0s:631ms
Packomania 1/2 (1600),1600,1233.213828,705070069,9.67E-17,0,0s:705ms
Packomania 1/2 (1700),1700,1309.750398,768281616,1.20E-16,0,0s:768ms
Packomania 1/2 (1800),1800,1386.13319,824006789,1.34E-16,0,0s:824ms
Packomania 1/2 (1900),1900,1462.807238,888916105,1.54E-16,0,0s:888ms
Packomania 1/2 (2000),2000,1539.951867,1015547438,1.79E-16,0,1s:15ms
Packomania 1/2 (3000),3000,2303.207787,1810276837,4.22E-16,0,1s:810ms
Packomania 1/2 (4000),4000,3066.965929,2816224316,1.11E-15,0,2s:816ms
Packomania 1/2 (5000),5000,3830.949569,3968663910,1.90E-15,0,3s:968ms
Packomania 1/2 (6000),6000,4595.507795,5210280148,336.1716726,0,5s:210ms
Packomania 1/2 (7000),7000,5358.723848,6511908847,585.3556305,0,6s:511ms
Packomania 1/2 (8000),8000,6116.413934,7726260057,7.83E-15,0,7s:726ms
Packomania 1/2 (9000),9000,6874.532534,9550787695,0.1235373296,0,9s:550ms
Packomania 1/2 (10000),10000,7646.122416,11589468704,1.454465798,0,11s:589ms
Packomania 1/2 (11000),11000,8398.61771,13231201922,1.64E-14,0,13s:231ms
Packomania 1/2 (12000),12000,9164.900313,14473647682,2267.23912,0,14s:473ms
Packomania 1/2 (13000),13000,9928.581657,16154707432,2.543904356,0,16s:154ms
Packomania 1/2 (14000),14000,10694.5632,18090964586,3.48E-14,0,18s:90ms
Packomania -1/2 (100),100,2.495438263,11175322,8.96E-23,0,0s:11ms
Packomania -1/2 (105),105,2.499360942,12161579,1.34E-22,0,0s:12ms
Packomania -1/2 (110),110,2.513162793,13529272,1.37E-22,0,0s:13ms
Packomania -1/2 (115),115,2.52271652,14505884,1.16E-22,0,0s:14ms
Packomania -1/2 (120),120,2.519333511,14663433,1.26E-22,0,0s:14ms
Packomania -1/2 (125),125,2.530049414,15858123,1.33E-22,0,0s:15ms
Packomania -1/2 (130),130,2.537275506,17682532,1.37E-22,0,0s:17ms
Packomania -1/2 (135),135,2.54221123,18314544,1.33E-22,0,0s:18ms
Packomania -1/2 (140),140,2.541681673,19963453,1.17E-22,0,0s:19ms
Packomania -1/2 (145),145,2.552094748,20566513,1.59E-22,0,0s:20ms
Packomania -1/2 (150),150,2.563247662,23098371,1.38E-22,0,0s:23ms
Packomania -1/2 (155),155,2.572146226,24110671,1.29E-22,0,0s:24ms
Packomania -1/2 (160),160,2.572254276,24676951,1.70E-22,0,0s:24ms
Packomania -1/2 (165),165,2.57703255,26119112,1.45E-22,0,0s:26ms
Packomania -1/2 (170),170,2.588958868,26997418,1.51E-22,0,0s:26ms
Packomania -1/2 (175),175,2.595022606,29219222,1.27E-22,0,0s:29ms
Packomania -1/2 (180),180,2.600002886,31901121,1.71E-22,0,0s:31ms
Packomania -1/2 (185),185,2.607380598,31463525,1.50E-22,0,0s:31ms
Packomania -1/2 (190),190,2.606106658,32198170,1.43E-22,0,0s:32ms
Packomania -1/2 (195),195,2.612761394,34846425,1.69E-22,0,0s:34ms
Packomania -1/2 (200),200,2.620783276,36153704,1.67E-22,0,0s:36ms
Packomania -1/2 (205),205,2.623160579,38003749,1.42E-22,0,0s:38ms
Packomania -1/2 (210),210,2.623472195,38097119,1.64E-22,0,0s:38ms
Packomania -1/2 (215),215,2.627010319,40708330,1.91E-22,0,0s:40ms
Packomania -1/2 (220),220,2.635423298,42248279,1.86E-22,0,0s:42ms
Packomania -1/2 (225),225,2.635423298,43199470,1.89E-22,0,0s:43ms
Packomania -1/2 (230),230,2.644770375,46899982,2.10E-22,0,0s:46ms
Packomania -1/2 (235),235,2.644540893,46003804,1.72E-22,0,0s:46ms
Packomania -1/2 (240),240,2.647448031,49744104,1.56E-22,0,0s:49ms
Packomania -1/2 (245),245,2.647729567,51392580,2.01E-22,0,0s:51ms
Packomania -1/2 (250),250,2.654873861,51453639,1.68E-22,0,0s:51ms
Packomania -1/2 (255),255,2.66348367,54511480,1.89E-22,0,0s:54ms
Packomania -1/2 (260),260,2.658665196,57204638,2.02E-22,0,0s:57ms
Packomania -1/2 (265),265,2.661083072,56124382,2.05E-22,0,0s:56ms
Packomania -1/2 (270),270,2.665709014,59025531,2.20E-22,0,0s:59ms
Packomania -1/2 (275),275,2.670428059,64715534,2.03E-22,0,0s:64ms
Packomania -1/2 (280),280,2.670428059,61801060,2.16E-22,0,0s:61ms
Packomania -1/2 (285),285,2.680703996,64405061,2.03E-22,0,0s:64ms
Packomania -1/2 (290),290,2.683250739,67436634,2.26E-22,0,0s:67ms
Packomania -1/2 (295),295,2.684480436,68008212,1.61E-22,0,0s:68ms
Packomania -1/2 (300),300,2.694853704,69201152,2.00E-22,0,0s:69ms
Packomania -1/2 (305),305,2.694849358,71768882,2.14E-22,0,0s:71ms
Packomania -1/2 (310),310,2.698284913,74343671,2.15E-22,0,0s:74ms
Packomania -1/2 (315),315,2.699941274,75144633,2.02E-22,0,0s:75ms
Packomania -1/2 (320),320,2.702409779,79800536,2.26E-22,0,0s:79ms
Packomania -1/2 (325),325,2.705102692,83345876,2.25E-22,0,0s:83ms
Packomania -1/2 (330),330,2.707687974,83243512,2.05E-22,0,0s:83ms
Packomania -1/2 (335),335,2.711906275,88511100,2.14E-22,0,0s:88ms
Packomania -1/2 (340),340,2.712450049,86749668,2.63E-22,0,0s:86ms
Packomania -1/2 (345),345,2.712450049,88970619,2.29E-22,0,0s:88ms
Packomania -1/2 (350),350,2.718414537,91135159,2.05E-22,0,0s:91ms
Packomania -1/2 (355),355,2.725090874,96861736,2.36E-22,0,0s:96ms
Packomania -1/2 (360),360,2.727070256,99564010,2.42E-22,0,0s:99ms
Packomania -1/2 (365),365,2.727790077,103676305,2.65E-22,0,0s:103ms
Packomania -1/2 (370),370,2.731128361,104145990,2.52E-22,0,0s:104ms
Packomania -1/2 (375),375,2.731128361,101231164,2.37E-22,0,0s:101ms
Packomania -1/2 (380),380,2.731128361,103331750,2.67E-22,0,0s:103ms
Packomania -1/2 (385),385,2.731537996,109574014,2.55E-22,0,0s:109ms
Packomania -1/2 (390),390,2.735088516,110272011,2.36E-22,0,0s:110ms
Packomania -1/2 (395),395,2.743295143,113890984,2.59E-22,0,0s:113ms
Packomania -1/2 (400),400,2.739934425,121787049,2.38E-22,0,0s:121ms
Packomania -1/2 (405),405,2.740346643,116519875,2.84E-22,0,0s:116ms
Packomania -1/2 (410),410,2.739781633,125350880,2.47E-22,0,0s:125ms
Packomania -1/2 (415),415,2.744826494,123236832,3.00E-22,0,0s:123ms
Packomania -1/2 (420),420,2.745209516,132379294,2.84E-22,0,0s:132ms
Packomania -1/2 (425),425,2.74700717,131893626,2.65E-22,0,0s:131ms
Packomania -1/2 (430),430,2.749781051,136120374,2.83E-22,0,0s:136ms
Packomania -1/2 (435),435,2.750451803,144160088,2.61E-22,0,0s:144ms
Packomania -1/2 (440),440,2.750451803,139033888,2.47E-22,0,0s:139ms
Packomania -1/2 (445),445,2.757353591,144202411,2.82E-22,0,0s:144ms
Packomania -1/2 (450),450,2.758454092,146998074,2.75E-22,0,0s:146ms
Packomania -1/2 (455),455,2.759668196,144806844,3.06E-22,0,0s:144ms
Packomania -1/2 (460),460,2.762896141,146823931,2.93E-22,0,0s:146ms
Packomania -1/2 (465),465,2.76361218,148293131,3.03E-22,0,0s:148ms
Packomania -1/2 (470),470,2.763807631,153601830,2.91E-22,0,0s:153ms
Packomania -1/2 (475),475,2.763807631,148883109,3.32E-22,0,0s:148ms
Packomania -1/2 (480),480,2.764126389,159921883,2.98E-22,0,0s:159ms
Packomania -1/2 (485),485,2.769778794,159363250,3.09E-22,0,0s:159ms
Packomania -1/2 (490),490,2.771791552,162181521,2.98E-22,0,0s:162ms
Packomania -1/2 (495),495,2.771475744,166091886,2.88E-22,0,0s:166ms
Packomania -1/2 (500),500,2.773795481,170155329,3.09E-22,0,0s:170ms
Packomania -1/2 (510),510,2.780056518,171543967,2.75E-22,0,0s:171ms
Packomania -1/2 (520),520,2.784918418,188701582,2.87E-22,0,0s:188ms
Packomania -1/2 (530),530,2.787316839,191876166,3.11E-22,0,0s:191ms
Packomania -1/2 (540),540,2.790332138,191765118,3.26E-22,0,0s:191ms
Packomania -1/2 (550),550,2.791629684,193642490,3.29E-22,0,0s:193ms
Packomania -1/2 (560),560,2.793863657,204360136,3.31E-22,0,0s:204ms
Packomania -1/2 (570),570,2.79838704,210284916,3.43E-22,0,0s:210ms
Packomania -1/2 (580),580,2.800091733,220550772,3.60E-22,0,0s:220ms
Packomania -1/2 (590),590,2.803974884,226191250,3.34E-22,0,0s:226ms
Packomania -1/2 (600),600,2.80872553,232783322,3.59E-22,0,0s:232ms
Packomania -1/2 (610),610,2.810061801,237154823,3.29E-22,0,0s:237ms
Packomania -1/2 (620),620,2.810494608,240733959,3.55E-22,0,0s:240ms
Packomania -1/2 (630),630,2.813751137,255029938,3.53E-22,0,0s:255ms
Packomania -1/2 (640),640,2.815785693,264865084,3.73E-22,0,0s:264ms
Packomania -1/2 (650),650,2.816215069,263969893,3.59E-22,0,0s:263ms
Packomania -1/2 (660),660,2.825148487,269908674,3.37E-22,0,0s:269ms
Packomania -1/2 (670),670,2.823740845,274594757,3.40E-22,0,0s:274ms
Packomania -1/2 (680),680,2.825647589,297547124,3.66E-22,0,0s:297ms
Packomania -1/2 (690),690,2.830288687,291276473,3.61E-22,0,0s:291ms
Packomania -1/2 (700),700,2.832771329,306392285,3.61E-22,0,0s:306ms
Packomania -1/2 (710),710,2.833721486,297064320,3.91E-22,0,0s:297ms
Packomania -1/2 (720),720,2.836329939,312992935,3.67E-22,0,0s:312ms
Packomania -1/2 (730),730,2.841196793,323147285,3.59E-22,0,0s:323ms
Packomania -1/2 (740),740,2.844090601,336140915,3.85E-22,0,0s:336ms
Packomania -1/2 (750),750,2.844914197,338098398,3.77E-22,0,0s:338ms
Packomania -1/2 (760),760,2.845550808,343698221,3.88E-22,0,0s:343ms
Packomania -1/2 (770),770,2.849944089,358636407,4.11E-22,0,0s:358ms
Packomania -1/2 (780),780,2.850609412,353069908,4.39E-22,0,0s:353ms
Packomania -1/2 (790),790,2.855262866,361036410,4.26E-22,0,0s:361ms
Packomania -1/2 (800),800,2.857435145,376233510,4.00E-22,0,0s:376ms
Packomania -1/2 (810),810,2.859941889,376891264,4.23E-22,0,0s:376ms
Packomania -1/2 (820),820,2.857320625,385163003,4.15E-22,0,0s:385ms
Packomania -1/2 (830),830,2.860984951,409079521,4.59E-22,0,0s:409ms
Packomania -1/2 (840),840,2.860112703,413759861,4.51E-22,0,0s:413ms
Packomania -1/2 (850),850,2.862694927,416567161,4.51E-22,0,0s:416ms
Packomania -1/2 (860),860,2.863132699,425641385,4.75E-22,0,0s:425ms
Packomania -1/2 (870),870,2.868960657,433744947,4.55E-22,0,0s:433ms
Packomania -1/2 (880),880,2.870114393,442598795,4.54E-22,0,0s:442ms
Packomania -1/2 (890),890,2.87305095,445649762,4.40E-22,0,0s:445ms
Packomania -1/2 (900),900,2.87337812,446264430,4.70E-22,0,0s:446ms
Packomania -1/2 (910),910,2.875277429,465229287,4.44E-22,0,0s:465ms
Packomania -1/2 (920),920,2.879536576,489570343,4.77E-22,0,0s:489ms
Packomania -1/2 (930),930,2.881369234,498899084,5.09E-22,0,0s:498ms
Packomania -1/2 (940),940,2.883557379,499575903,4.66E-22,0,0s:499ms
Packomania -1/2 (950),950,2.882972473,509654976,4.64E-22,0,0s:509ms
Packomania -1/2 (960),960,2.885756137,525174423,4.77E-22,0,0s:525ms
Packomania -1/2 (970),970,2.888602413,517783209,4.75E-22,0,0s:517ms
Packomania -1/2 (980),980,2.890515572,512946334,4.58E-22,0,0s:512ms
Packomania -1/2 (990),990,2.892215641,546683424,4.68E-22,0,0s:546ms
Packomania -1/2 (1000),1000,2.893283783,538452305,4.51E-22,0,0s:538ms
Packomania -1/2 (1100),1100,2.908350125,617715057,5.10E-22,0,0s:617ms
Packomania -1/2 (1200),1200,2.923408029,716112784,5.19E-22,0,0s:716ms
Packomania -1/2 (1300),1300,2.936039285,833575398,6.21E-22,0,0s:833ms
Packomania -1/2 (1400),1400,2.943533134,946125854,6.57E-22,0,0s:946ms
Packomania -1/2 (1500),1500,2.953979594,1078097234,6.30E-22,0,1s:78ms
Packomania -1/2 (1600),1600,2.966069401,1154744934,6.77E-22,0,1s:154ms
Packomania -1/2 (1700),1700,2.976648708,1304597581,7.33E-22,0,1s:304ms
Packomania -1/2 (1800),1800,2.985482798,1429589467,7.81E-22,0,1s:429ms
Packomania -1/2 (1900),1900,2.995659982,1572739687,8.14E-22,0,1s:572ms
Packomania -1/2 (2000),2000,3.000845426,1698298208,8.10E-22,0,1s:698ms
Packomania -1/2 (3000),3000,3.065430097,3288349169,1.07E-21,0,3s:288ms
Packomania -1/2 (4000),4000,3.111816155,5248642984,1.39E-21,0,5s:248ms
Packomania -1/2 (5000),5000,3.145865417,7509309455,1.62E-21,0,7s:509ms
Packomania -1/2 (6000),6000,3.173380049,10094226248,1.90E-21,0,10s:94ms
Packomania -1/2 (7000),7000,3.19748614,12814522611,2.11E-21,0,12s:814ms
Packomania -1/2 (8000),8000,3.217527155,15977226969,2.37E-21,0,15s:977ms
Packomania -1/2 (9000),9000,3.234875939,19132004598,2.63E-21,0,19s:132ms
Packomania -1/2 (10000),10000,3.251215521,22468263993,6.92E-06,0,22s:468ms
Packomania -1/2 (11000),11000,3.265715891,26522374909,3.19E-21,0,26s:522ms
Packomania -1/2 (12000),12000,3.278766989,30235452721,5.51E-17,0,30s:235ms
Packomania -1/2 (13000),13000,3.291515829,34392564073,3.49E-21,0,34s:392ms
Packomania -1/2 (14000),14000,3.301772515,39261289327,3.86E-21,0,39s:261ms
Packomania -2/3 (100),100,1.82226814,9017910,8.61E-23,0,0s:9ms
Packomania -2/3 (105),105,1.821895831,9962634,9.37E-23,0,0s:9ms
Packomania -2/3 (110),110,1.824816141,10812673,9.69E-23,0,0s:10ms
Packomania -2/3 (115),115,1.824816141,11371943,9.51E-23,0,0s:11ms
Packomania -2/3 (120),120,1.825327825,12675811,1.12E-22,0,0s:12ms
Packomania -2/3 (125),125,1.825862205,12628987,1.24E-22,0,0s:12ms
Packomania -2/3 (130),130,1.825862205,13892212,1.44E-22,0,0s:13ms
Packomania -2/3 (135),135,1.825718441,15696544,1.23E-22,0,0s:15ms
Packomania -2/3 (140),140,1.825718441,15557531,1.30E-22,0,0s:15ms
Packomania -2/3 (145),145,1.826230527,16938000,1.48E-22,0,0s:16ms
Packomania -2/3 (150),150,1.827730545,18383121,1.49E-22,0,0s:18ms
Packomania -2/3 (155),155,1.827730545,19983236,1.20E-22,0,0s:19ms
Packomania -2/3 (160),160,1.828726376,20053514,1.73E-22,0,0s:20ms
Packomania -2/3 (165),165,1.828726376,20896505,1.47E-22,0,0s:20ms
Packomania -2/3 (170),170,1.828810415,22552432,1.40E-22,0,0s:22ms
Packomania -2/3 (175),175,1.828810415,23938370,1.66E-22,0,0s:23ms
Packomania -2/3 (180),180,1.828810415,24248648,1.94E-22,0,0s:24ms
Packomania -2/3 (185),185,1.828810415,25910040,1.73E-22,0,0s:25ms
Packomania -2/3 (190),190,1.829160316,26697200,1.62E-22,0,0s:26ms
Packomania -2/3 (195),195,1.83251444,27848012,2.20E-22,0,0s:27ms
Packomania -2/3 (200),200,1.833104817,29853092,2.02E-22,0,0s:29ms
Packomania -2/3 (205),205,1.833227862,31120010,2.20E-22,0,0s:31ms
Packomania -2/3 (210),210,1.833908559,32607519,1.99E-22,0,0s:32ms
Packomania -2/3 (215),215,1.834524999,33354231,1.85E-22,0,0s:33ms
Packomania -2/3 (220),220,1.834559936,35325825,1.47E-22,0,0s:35ms
Packomania -2/3 (225),225,1.834559936,35465212,1.50E-22,0,0s:35ms
Packomania -2/3 (230),230,1.834886491,37642751,2.07E-22,0,0s:37ms
Packomania -2/3 (235),235,1.835731964,38996213,1.64E-22,0,0s:38ms
Packomania -2/3 (240),240,1.83577629,40900707,1.92E-22,0,0s:40ms
Packomania -2/3 (245),245,1.83577629,40781076,1.64E-22,0,0s:40ms
Packomania -2/3 (250),250,1.83577629,44135292,1.64E-22,0,0s:44ms
Packomania -2/3 (255),255,1.83577629,45738207,1.96E-22,0,0s:45ms
Packomania -2/3 (260),260,1.835992687,49638667,2.17E-22,0,0s:49ms
Packomania -2/3 (265),265,1.835992687,48608435,1.65E-22,0,0s:48ms
Packomania -2/3 (270),270,1.835992687,49671308,1.95E-22,0,0s:49ms
Packomania -2/3 (275),275,1.835992687,53413820,2.10E-22,0,0s:53ms
Packomania -2/3 (280),280,1.835992687,53431858,2.03E-22,0,0s:53ms
Packomania -2/3 (285),285,1.835992687,55095810,1.82E-22,0,0s:55ms
Packomania -2/3 (290),290,1.835992687,57409323,2.75E-22,0,0s:57ms
Packomania -2/3 (295),295,1.836167902,58958007,2.23E-22,0,0s:58ms
Packomania -2/3 (300),300,1.837930191,59698717,2.02E-22,0,0s:59ms
Packomania -2/3 (305),305,1.837930191,61062021,2.61E-22,0,0s:61ms
Packomania -2/3 (310),310,1.837930191,62787788,2.02E-22,0,0s:62ms
Packomania -2/3 (315),315,1.837930191,65556020,2.46E-22,0,0s:65ms
Packomania -2/3 (320),320,1.838420806,66193546,1.96E-22,0,0s:66ms
Packomania -2/3 (325),325,1.841155368,67835291,2.55E-22,0,0s:67ms
Packomania -2/3 (330),330,1.841856774,71625471,2.01E-22,0,0s:71ms
Packomania -2/3 (335),335,1.84301761,80410545,2.08E-22,0,0s:80ms
Packomania -2/3 (340),340,1.843659136,82822690,2.45E-22,0,0s:82ms
Packomania -2/3 (345),345,1.844386154,79821607,2.68E-22,0,0s:79ms
Packomania -2/3 (350),350,1.845135558,82441927,1.92E-22,0,0s:82ms
Packomania -2/3 (355),355,1.845135558,84478624,2.79E-22,0,0s:84ms
Packomania -2/3 (360),360,1.845522702,90460155,2.58E-22,0,0s:90ms
Packomania -2/3 (365),365,1.845522702,94828657,2.79E-22,0,0s:94ms
Packomania -2/3 (370),370,1.845522702,95959905,3.10E-22,0,0s:95ms
Packomania -2/3 (375),375,1.845522702,91770303,2.56E-22,0,0s:91ms
Packomania -2/3 (380),380,1.845522702,98815436,3.74E-22,0,0s:98ms
Packomania -2/3 (385),385,1.845522702,97502548,2.67E-22,0,0s:97ms
Packomania -2/3 (390),390,1.845522702,101721287,2.81E-22,0,0s:101ms
Packomania -2/3 (395),395,1.845522702,108526947,2.61E-22,0,0s:108ms
Packomania -2/3 (400),400,1.845522702,103460679,2.83E-22,0,0s:103ms
Packomania -2/3 (405),405,1.845522702,105078921,3.25E-22,0,0s:105ms
Packomania -2/3 (410),410,1.845477317,110746422,2.44E-22,0,0s:110ms
Packomania -2/3 (415),415,1.845477317,110631027,3.17E-22,0,0s:110ms
Packomania -2/3 (420),420,1.845477317,113305457,2.94E-22,0,0s:113ms
Packomania -2/3 (425),425,1.845571739,112796644,2.74E-22,0,0s:112ms
Packomania -2/3 (430),430,1.845776653,114164414,2.31E-22,0,0s:114ms
Packomania -2/3 (435),435,1.845776653,121071293,3.02E-22,0,0s:121ms
Packomania -2/3 (440),440,1.846677122,127205158,3.23E-22,0,0s:127ms
Packomania -2/3 (445),445,1.847106722,126035652,3.11E-22,0,0s:126ms
Packomania -2/3 (450),450,1.847130275,128247505,2.08E-22,0,0s:128ms
Packomania -2/3 (455),455,1.847130275,126168398,3.00E-22,0,0s:126ms
Packomania -2/3 (460),460,1.84714934,132543510,3.03E-22,0,0s:132ms
Packomania -2/3 (465),465,1.84714934,134490602,3.28E-22,0,0s:134ms
Packomania -2/3 (470),470,1.847193658,136040919,3.11E-22,0,0s:136ms
Packomania -2/3 (475),475,1.847193658,139823034,2.91E-22,0,0s:139ms
Packomania -2/3 (480),480,1.84783147,142858416,3.14E-22,0,0s:142ms
Packomania -2/3 (485),485,1.847870184,148354732,2.78E-22,0,0s:148ms
Packomania -2/3 (490),490,1.84814756,149151329,3.30E-22,0,0s:149ms
Packomania -2/3 (495),495,1.848440849,154915504,2.37E-22,0,0s:154ms
Packomania -2/3 (500),500,1.848499189,157559976,3.57E-22,0,0s:157ms
Packomania -2/3 (510),510,1.848561378,160940807,2.66E-22,0,0s:160ms
Packomania -2/3 (520),520,1.848641387,166244508,3.04E-22,0,0s:166ms
Packomania -2/3 (530),530,1.848770181,172413815,2.98E-22,0,0s:172ms
Packomania -2/3 (540),540,1.849197826,179567268,2.92E-22,0,0s:179ms
Packomania -2/3 (550),550,1.849160637,186702988,3.81E-22,0,0s:186ms
Packomania -2/3 (560),560,1.849171014,184951853,3.52E-22,0,0s:184ms
Packomania -2/3 (570),570,1.849148925,195246653,3.50E-22,0,0s:195ms
Packomania -2/3 (580),580,1.849308336,194049099,2.63E-22,0,0s:194ms
Packomania -2/3 (590),590,1.849308336,203655532,3.04E-22,0,0s:203ms
Packomania -2/3 (600),600,1.849308336,207218391,2.84E-22,0,0s:207ms
Packomania -2/3 (610),610,1.849314849,221095328,3.07E-22,0,0s:221ms
Packomania -2/3 (620),620,1.849759282,228974388,3.29E-22,0,0s:228ms
Packomania -2/3 (630),630,1.84989429,235437472,3.82E-22,0,0s:235ms
Packomania -2/3 (640),640,1.850348869,241747808,3.80E-22,0,0s:241ms
Packomania -2/3 (650),650,1.850508963,253464181,3.95E-22,0,0s:253ms
Packomania -2/3 (660),660,1.850763003,261648148,3.69E-22,0,0s:261ms
Packomania -2/3 (670),670,1.850780558,265583105,3.48E-22,0,0s:265ms
Packomania -2/3 (680),680,1.851342239,265420709,4.19E-22,0,0s:265ms
Packomania -2/3 (690),690,1.851629743,275284941,3.47E-22,0,0s:275ms
Packomania -2/3 (700),700,1.852346505,282391831,3.52E-22,0,0s:282ms
Packomania -2/3 (710),710,1.853037889,302069850,6.38E-22,0,0s:302ms
Packomania -2/3 (720),720,1.853037889,292741493,3.94E-22,0,0s:292ms
Packomania -2/3 (730),730,1.853037889,307800089,3.46E-22,0,0s:307ms
Packomania -2/3 (740),740,1.853287584,302981328,3.71E-22,0,0s:302ms
Packomania -2/3 (750),750,1.853287584,306866212,4.10E-22,0,0s:306ms
Packomania -2/3 (760),760,1.853959815,328936131,3.64E-22,0,0s:328ms
Packomania -2/3 (770),770,1.85393919,341782256,5.10E-22,0,0s:341ms
Packomania -2/3 (780),780,1.854219836,342075509,5.59E-22,0,0s:342ms
Packomania -2/3 (790),790,1.854506548,368516168,3.79E-22,0,0s:368ms
Packomania -2/3 (800),800,1.854506548,361201895,4.01E-22,0,0s:361ms
Packomania -2/3 (810),810,1.854686269,375215644,4.65E-22,0,0s:375ms
Packomania -2/3 (820),820,1.854686269,396045185,3.48E-22,0,0s:396ms
Packomania -2/3 (830),830,1.854686269,402323870,4.86E-22,0,0s:402ms
Packomania -2/3 (840),840,1.854686269,396490255,5.88E-22,0,0s:396ms
Packomania -2/3 (850),850,1.854686269,398950117,4.15E-22,0,0s:398ms
Packomania -2/3 (860),860,1.854611963,422236372,4.32E-22,0,0s:422ms
Packomania -2/3 (870),870,1.854611963,417948483,5.82E-22,0,0s:417ms
Packomania -2/3 (880),880,1.854737721,434177756,5.05E-22,0,0s:434ms
Packomania -2/3 (890),890,1.854737721,439137247,4.92E-22,0,0s:439ms
Packomania -2/3 (900),900,1.854812363,447457845,5.23E-22,0,0s:447ms
Packomania -2/3 (910),910,1.855069137,452304159,6.41E-22,0,0s:452ms
Packomania -2/3 (920),920,1.855163275,460735268,7.86E-22,0,0s:460ms
Packomania -2/3 (930),930,1.855371365,473261505,5.73E-22,0,0s:473ms
Packomania -2/3 (940),940,1.855455343,490171613,4.71E-22,0,0s:490ms
Packomania -2/3 (950),950,1.855552924,511045972,7.13E-22,0,0s:511ms
Packomania -2/3 (960),960,1.855568468,507252565,6.00E-22,0,0s:507ms
Packomania -2/3 (970),970,1.85587006,506591692,6.91E-22,0,0s:506ms
Packomania -2/3 (980),980,1.856098106,514266137,5.84E-22,0,0s:514ms
Packomania -2/3 (990),990,1.856466117,533172612,4.44E-22,0,0s:533ms
Packomania -2/3 (1000),1000,1.856466117,539233126,5.37E-22,0,0s:539ms
Packomania -2/3 (1100),1100,1.858198724,635129062,4.73E-22,0,0s:635ms
Packomania -2/3 (1200),1200,1.859175544,748956647,4.16E-22,0,0s:748ms
Packomania -2/3 (1300),1300,1.859678713,848340525,1.11E-21,0,0s:848ms
Packomania -2/3 (1400),1400,1.860597082,942870528,8.41E-22,0,0s:942ms
Packomania -2/3 (1500),1500,1.86111262,1088656321,9.23E-22,0,1s:88ms
Packomania -2/3 (1600),1600,1.861617779,1229537923,7.82E-22,0,1s:229ms
Packomania -2/3 (1700),1700,1.862434075,1364091119,1.02E-21,0,1s:364ms
Packomania -2/3 (1800),1800,1.862989167,1544614583,9.70E-22,0,1s:544ms
Packomania -2/3 (1900),1900,1.863786306,1668050963,1.29E-21,0,1s:668ms
Packomania -2/3 (2000),2000,1.864143827,1833872766,8.76E-22,0,1s:833ms
Packomania -2/3 (3000),3000,1.868063495,3677674924,1.29E-21,0,3s:677ms
Packomania -2/3 (4000),4000,1.870522828,6232836251,2.51E-21,0,6s:232ms
Packomania -2/3 (5000),5000,1.872601012,9237644692,3.12E-21,0,9s:237ms
Packomania -2/3 (6000),6000,1.873700703,12617190381,3.46E-21,0,12s:617ms
Packomania -2/3 (7000),7000,1.874811381,16713004612,4.58E-21,0,16s:713ms
Packomania -2/3 (8000),8000,1.875973551,21538947887,4.03E-21,0,21s:538ms
Packomania -2/3 (9000),9000,1.87660983,25726410431,6.46E-21,0,25s:726ms
Packomania -2/3 (10000),10000,1.87406634,31536675557,0.03735698644,0,31s:536ms
Packomania -2/3 (11000),11000,1.875967596,37846122992,0.03611959323,0,37s:846ms
Packomania -2/3 (12000),12000,1.876456183,44796935952,0.03611959323,0,44s:796ms
Packomania -2/3 (13000),13000,1.87685631,50342910151,0.03611959323,0,50s:342ms
Packomania -2/3 (14000),14000,1.877341355,57698501764,0.03611959323,0,57s:698ms
Packomania -1/5 (100),100,5.801088535,9020495,3.60E-22,0,0s:9ms
Packomania -1/5 (105),105,5.906421827,10356044,2.85E-22,0,0s:10ms
Packomania -1/5 (110),110,5.995914353,10448365,4.14E-22,0,0s:10ms
Packomania -1/5 (115),115,6.115605167,11169692,5.07E-22,0,0s:11ms
Packomania -1/5 (120),120,6.153533024,12510683,3.83E-22,0,0s:12ms
Packomania -1/5 (125),125,6.20117852,12645110,5.23E-22,0,0s:12ms
Packomania -1/5 (130),130,6.295479149,13686576,5.21E-22,0,0s:13ms
Packomania -1/5 (135),135,6.3639635,14686876,5.68E-22,0,0s:14ms
Packomania -1/5 (140),140,6.50517303,15435488,6.50E-22,0,0s:15ms
Packomania -1/5 (145),145,6.54229426,16353080,5.75E-22,0,0s:16ms
Packomania -1/5 (150),150,6.581952817,16505183,5.65E-22,0,0s:16ms
Packomania -1/5 (155),155,6.615714194,17443519,6.55E-22,0,0s:17ms
Packomania -1/5 (160),160,6.665800719,19276476,4.89E-22,0,0s:19ms
Packomania -1/5 (165),165,6.766744304,19810848,5.26E-22,0,0s:19ms
Packomania -1/5 (170),170,6.796806159,20967743,5.99E-22,0,0s:20ms
Packomania -1/5 (175),175,6.841129949,21720483,5.98E-22,0,0s:21ms
Packomania -1/5 (180),180,6.896334944,23452187,6.66E-22,0,0s:23ms
Packomania -1/5 (185),185,6.990576166,24308388,6.98E-22,0,0s:24ms
Packomania -1/5 (190),190,7.028103475,24932270,7.52E-22,0,0s:24ms
Packomania -1/5 (195),195,7.105618302,26490576,8.33E-22,0,0s:26ms
Packomania -1/5 (200),200,7.168918374,26922350,7.04E-22,0,0s:26ms
Packomania -1/5 (205),205,7.190654864,28988885,7.28E-22,0,0s:28ms
Packomania -1/5 (210),210,7.263381507,29124914,8.16E-22,0,0s:29ms
Packomania -1/5 (215),215,7.263381507,30082504,8.59E-22,0,0s:30ms
Packomania -1/5 (220),220,7.305696186,32154877,8.38E-22,0,0s:32ms
Packomania -1/5 (225),225,7.38909237,32697903,7.79E-22,0,0s:32ms
Packomania -1/5 (230),230,7.414570796,34230239,8.19E-22,0,0s:34ms
Packomania -1/5 (235),235,7.480082421,33959598,7.15E-22,0,0s:33ms
Packomania -1/5 (240),240,7.507607663,35330076,9.12E-22,0,0s:35ms
Packomania -1/5 (245),245,7.562472715,36657820,8.84E-22,0,0s:36ms
Packomania -1/5 (250),250,7.615966355,37904056,9.07E-22,0,0s:37ms
Packomania -1/5 (255),255,7.686969396,38640009,7.63E-22,0,0s:38ms
Packomania -1/5 (260),260,7.746501803,40665015,9.53E-22,0,0s:40ms
Packomania -1/5 (265),265,7.765768537,41324969,9.58E-22,0,0s:41ms
Packomania -1/5 (270),270,7.822279157,43009811,1.01E-21,0,0s:43ms
Packomania -1/5 (275),275,7.842711902,42884851,8.42E-22,0,0s:42ms
Packomania -1/5 (280),280,7.8748245,45255313,9.94E-22,0,0s:45ms
Packomania -1/5 (285),285,7.932125324,46413029,1.19E-21,0,0s:46ms
Packomania -1/5 (290),290,7.963766206,47313284,1.19E-21,0,0s:47ms
Packomania -1/5 (295),295,8.011172573,49125136,1.02E-21,0,0s:49ms
Packomania -1/5 (300),300,8.040770452,50381704,1.29E-21,0,0s:50ms
Packomania -1/5 (305),305,8.060170309,50596446,1.07E-21,0,0s:50ms
Packomania -1/5 (310),310,8.133910477,53513114,1.32E-21,0,0s:53ms
Packomania -1/5 (315),315,8.173306878,53409520,1.19E-21,0,0s:53ms
Packomania -1/5 (320),320,8.190514352,57759916,1.25E-21,0,0s:57ms
Packomania -1/5 (325),325,8.212825317,58636828,1.38E-21,0,0s:58ms
Packomania -1/5 (330),330,8.263609282,58859795,1.38E-21,0,0s:58ms
Packomania -1/5 (335),335,8.303668783,58536637,1.47E-21,0,0s:58ms
Packomania -1/5 (340),340,8.33131987,59670910,1.53E-21,0,0s:59ms
Packomania -1/5 (345),345,8.350400396,64744174,1.35E-21,0,0s:64ms
Packomania -1/5 (350),350,8.415538469,65363304,1.60E-21,0,0s:65ms
Packomania -1/5 (355),355,8.443424365,65424706,1.49E-21,0,0s:65ms
Packomania -1/5 (360),360,8.462215954,67769566,1.49E-21,0,0s:67ms
Packomania -1/5 (365),365,8.505699549,73453377,1.83E-21,0,0s:73ms
Packomania -1/5 (370),370,8.56218426,69299658,1.72E-21,0,0s:69ms
Packomania -1/5 (375),375,8.574310864,72159387,1.87E-21,0,0s:72ms
Packomania -1/5 (380),380,8.60809995,73145305,1.60E-21,0,0s:73ms
Packomania -1/5 (385),385,8.625056573,74390421,1.62E-21,0,0s:74ms
Packomania -1/5 (390),390,8.651987359,76851093,1.85E-21,0,0s:76ms
Packomania -1/5 (395),395,8.691089464,74527211,1.83E-21,0,0s:74ms
Packomania -1/5 (400),400,8.713739965,79281114,1.69E-21,0,0s:79ms
Packomania -1/5 (405),405,8.752689623,80648472,2.01E-21,0,0s:80ms
Packomania -1/5 (410),410,8.805372306,81706954,1.73E-21,0,0s:81ms
Packomania -1/5 (415),415,8.827771682,81465892,1.90E-21,0,0s:81ms
Packomania -1/5 (420),420,8.864800998,82202764,1.68E-21,0,0s:82ms
Packomania -1/5 (425),425,8.873738342,83653267,1.65E-21,0,0s:83ms
Packomania -1/5 (430),430,8.898115478,84535986,1.75E-21,0,0s:84ms
Packomania -1/5 (435),435,8.919067311,86314762,1.84E-21,0,0s:86ms
Packomania -1/5 (440),440,8.978912979,88966233,2.03E-21,0,0s:88ms
Packomania -1/5 (445),445,8.99521031,91974302,1.71E-21,0,0s:91ms
Packomania -1/5 (450),450,9.04953476,92199773,1.91E-21,0,0s:92ms
Packomania -1/5 (455),455,9.052864071,98130207,1.81E-21,0,0s:98ms
Packomania -1/5 (460),460,9.075093632,94490634,1.83E-21,0,0s:94ms
Packomania -1/5 (465),465,9.121324023,99557618,1.90E-21,0,0s:99ms
Packomania -1/5 (470),470,9.152865494,102093555,2.35E-21,0,0s:102ms
Packomania -1/5 (475),475,9.208314796,102491262,1.93E-21,0,0s:102ms
Packomania -1/5 (480),480,9.198241792,101796837,2.17E-21,0,0s:101ms
Packomania -1/5 (485),485,9.22357645,106464411,2.16E-21,0,0s:106ms
Packomania -1/5 (490),490,9.277792398,106180339,2.35E-21,0,0s:106ms
Packomania -1/5 (495),495,9.294590795,109234713,2.19E-21,0,0s:109ms
Packomania -1/5 (500),500,9.292278896,112425109,2.37E-21,0,0s:112ms
Packomania -1/5 (510),510,9.411117923,114239617,2.21E-21,0,0s:114ms
Packomania -1/5 (520),520,9.443792058,115151582,2.72E-21,0,0s:115ms
Packomania -1/5 (530),530,9.474651541,121681465,2.56E-21,0,0s:121ms
Packomania -1/5 (540),540,9.547355892,128705472,2.82E-21,0,0s:128ms
Packomania -1/5 (550),550,9.586350107,132081906,2.43E-21,0,0s:132ms
Packomania -1/5 (560),560,9.633910584,130343347,2.74E-21,0,0s:130ms
Packomania -1/5 (570),570,9.685840454,132132668,2.87E-21,0,0s:132ms
Packomania -1/5 (580),580,9.733871083,138568443,3.06E-21,0,0s:138ms
Packomania -1/5 (590),590,9.778544952,140858790,2.98E-21,0,0s:140ms
Packomania -1/5 (600),600,9.847173106,147385304,3.20E-21,0,0s:147ms
Packomania -1/5 (610),610,9.878296844,159052697,3.01E-21,0,0s:159ms
Packomania -1/5 (620),620,9.916233514,157832908,3.03E-21,0,0s:157ms
Packomania -1/5 (630),630,9.970855128,157847844,3.31E-21,0,0s:157ms
Packomania -1/5 (640),640,10.00559702,166145833,3.53E-21,0,0s:166ms
Packomania -1/5 (650),650,10.07997184,165116272,4.14E-21,0,0s:165ms
Packomania -1/5 (660),660,10.117567,167477776,3.99E-21,0,0s:167ms
Packomania -1/5 (670),670,10.1259842,173009552,3.55E-21,0,0s:173ms
Packomania -1/5 (680),680,10.18576348,174024075,3.71E-21,0,0s:174ms
Packomania -1/5 (690),690,10.24375185,191510046,3.78E-21,0,0s:191ms
Packomania -1/5 (700),700,10.28472277,186854944,4.25E-21,0,0s:186ms
Packomania -1/5 (710),710,10.29737462,186211889,3.90E-21,0,0s:186ms
Packomania -1/5 (720),720,10.33344889,198533342,3.97E-21,0,0s:198ms
Packomania -1/5 (730),730,10.39523883,200341266,3.95E-21,0,0s:200ms
Packomania -1/5 (740),740,10.43531356,207637905,3.93E-21,0,0s:207ms
Packomania -1/5 (750),750,10.50418998,208619145,4.12E-21,0,0s:208ms
Packomania -1/5 (760),760,10.51223441,213804245,4.34E-21,0,0s:213ms
Packomania -1/5 (770),770,10.58898943,216512567,3.85E-21,0,0s:216ms
Packomania -1/5 (780),780,10.6021762,222386642,4.03E-21,0,0s:222ms
Packomania -1/5 (790),790,10.64563262,227877357,4.27E-21,0,0s:227ms
Packomania -1/5 (800),800,10.67954637,229408653,4.24E-21,0,0s:229ms
Packomania -1/5 (810),810,10.72405797,233172534,4.50E-21,0,0s:233ms
Packomania -1/5 (820),820,10.78450966,240497966,3.67E-21,0,0s:240ms
Packomania -1/5 (830),830,10.81872265,239984386,4.53E-21,0,0s:239ms
Packomania -1/5 (840),840,10.8527743,246581569,4.28E-21,0,0s:246ms
Packomania -1/5 (850),850,10.88046804,249080066,4.78E-21,0,0s:249ms
Packomania -1/5 (860),860,10.93264029,251998576,4.95E-21,0,0s:251ms
Packomania -1/5 (870),870,10.99832394,266510921,4.79E-21,0,0s:266ms
Packomania -1/5 (880),880,11.01790045,265139990,4.57E-21,0,0s:265ms
Packomania -1/5 (890),890,11.07948399,270524669,4.85E-21,0,0s:270ms
Packomania -1/5 (900),900,11.07767553,274153671,4.94E-21,0,0s:274ms
Packomania -1/5 (910),910,11.10792589,281411980,4.87E-21,0,0s:281ms
Packomania -1/5 (920),920,11.15702462,287547646,5.05E-21,0,0s:287ms
Packomania -1/5 (930),930,11.17349044,289893643,5.66E-21,0,0s:289ms
Packomania -1/5 (940),940,11.20745865,293606590,5.85E-21,0,0s:293ms
Packomania -1/5 (950),950,11.26795297,304512402,5.61E-21,0,0s:304ms
Packomania -1/5 (960),960,11.28745277,310315897,5.52E-21,0,0s:310ms
Packomania -1/5 (970),970,11.32121278,309379645,6.50E-21,0,0s:309ms
Packomania -1/5 (980),980,11.3610042,307016732,6.50E-21,0,0s:307ms
Packomania -1/5 (990),990,11.40645877,316107060,5.64E-21,0,0s:316ms
Packomania -1/5 (1000),1000,11.42927809,324722966,5.26E-21,0,0s:324ms
Packomania -1/5 (1100),1100,11.73702799,383429453,7.34E-21,0,0s:383ms
Packomania -1/5 (1200),1200,12.04875608,438359180,7.00E-21,0,0s:438ms
Packomania -1/5 (1300),1300,12.34201715,496304229,8.30E-21,0,0s:496ms
Packomania -1/5 (1400),1400,12.59566073,561696900,8.52E-21,0,0s:561ms
Packomania -1/5 (1500),1500,12.86483556,614595670,9.24E-21,0,0s:614ms
Packomania -1/5 (1600),1600,13.10781613,701699341,1.04E-20,0,0s:701ms
Packomania -1/5 (1700),1700,13.37232588,759641051,1.09E-20,0,0s:759ms
Packomania -1/5 (1800),1800,13.56759994,809329426,1.23E-20,0,0s:809ms
Packomania -1/5 (1900),1900,13.79318079,862049289,1.31E-20,0,0s:862ms
Packomania -1/5 (2000),2000,14.00920357,926729916,1.33E-20,0,0s:926ms
Packomania -1/5 (3000),3000,15.7834951,1788978668,2.15E-20,0,1s:788ms
Packomania -1/5 (4000),4000,17.19442986,2758670529,3.29E-20,0,2s:758ms
Packomania -1/5 (5000),5000,18.38386809,3887161947,4.42E-20,0,3s:887ms
Packomania -1/5 (6000),6000,19.39991246,5150338699,5.92E-20,0,5s:150ms
Packomania -1/5 (7000),7000,20.29329017,6536543150,7.32E-20,0,6s:536ms
Packomania -1/5 (8000),8000,21.11324047,7953428758,8.98E-20,0,7s:953ms
Packomania -1/5 (9000),9000,21.8771281,9610304034,1.09E-19,0,9s:610ms
Packomania -1/5 (10000),10000,22.55910849,11336907337,1.22E-19,0,11s:336ms
Packomania -1/5 (11000),11000,23.23957158,13033909260,1.37E-19,0,13s:33ms
Packomania -1/5 (12000),12000,23.8376261,14991480141,1.55E-19,0,14s:991ms
Packomania -1/5 (13000),13000,24.40974434,16856140612,1.73E-19,0,16s:856ms
Packomania -1/5 (14000),14000,24.95175949,18923872730,1.90E-19,0,18s:923ms