packo id,N,ratio,,id,circlecount,Radius,time (ns),overlap (square units),nancount,Time,,Difference,Increase
Packomania 1,5,9.001397746,,Packomania 1 (5),5,9.001397746,129630,1.65E-24,0,0s:0ms,,0.0000000000,0.00%
Packomania 1,6,11.0570404,,Packomania 1 (6),6,11.0570404,96068,6.29E-23,0,0s:0ms,,0.0000000000,0.00%
Packomania 1,7,13.46211068,,Packomania 1 (7),7,13.63864452,129305,6.62E-23,0,0s:0ms,,0.1765338429,1.31%
Packomania 1,8,16.22174668,,Packomania 1 (8),8,16.9084418,141048,6.35E-22,0,0s:0ms,,0.6866951196,4.23%
Packomania 1,9,19.23319391,,Packomania 1 (9),9,19.96907573,176178,1.06E-22,0,0s:0ms,,0.7358818171,3.83%
Packomania 1,10,22.00019301,,Packomania 1 (10),10,23.2877147,203890,2.65E-22,0,0s:0ms,,1.2875216823,5.85%
Packomania 1,11,24.96063429,,Packomania 1 (11),11,26.65104175,242544,3.18E-22,0,0s:0ms,,1.6904074596,6.77%
Packomania 1,12,28.37138944,,Packomania 1 (12),12,30.27869776,282735,7.41E-22,0,0s:0ms,,1.9073083282,6.72%
Packomania 1,13,31.54586702,,Packomania 1 (13),13,32.93900634,312746,2.17E-21,0,0s:0ms,,1.3931393191,4.42%
Packomania 1,14,35.09564714,,Packomania 1 (14),14,36.65714933,355823,3.26E-21,0,0s:0ms,,1.5615021892,4.45%
Packomania 1,15,38.83799551,,Packomania 1 (15),15,40.46917515,503411,5.82E-21,0,0s:0ms,,1.6311796458,4.20%
Packomania 1,16,42.45811644,,Packomania 1 (16),16,44.97670011,445218,1.10E-20,0,0s:0ms,,2.5185836705,5.93%
Packomania 1,17,46.29134212,,Packomania 1 (17),17,49.17727631,491830,9.52E-21,0,0s:0ms,,2.8859341932,6.23%
Packomania 1,18,50.11976262,,Packomania 1 (18),18,53.26425023,526111,2.04E-20,0,0s:0ms,,3.1444876017,6.27%
Packomania 1,19,54.24029359,,Packomania 1 (19),19,58.0413688,557732,1.10E-20,0,0s:0ms,,3.8010752065,7.01%
Packomania 1,20,58.40056748,,Packomania 1 (20),20,61.63712441,2731441,2.08E-21,0,0s:2ms,,3.2365569305,5.54%
Packomania 1,21,62.55887709,,Packomania 1 (21),21,66.19614909,678411,1.05E-20,0,0s:0ms,,3.6372719987,5.81%
Packomania 1,22,66.76028624,,Packomania 1 (22),22,70.74575745,687508,3.08E-20,0,0s:0ms,,3.9854712097,5.97%
Packomania 1,23,71.19946161,,Packomania 1 (23),23,75.28800296,3039032,1.13E-20,0,0s:3ms,,4.0885413566,5.74%
Packomania 1,24,75.74914258,,Packomania 1 (24),24,79.82437643,1330982,1.16E-20,0,0s:1ms,,4.0752338484,5.38%
Packomania 1,25,80.28586444,,Packomania 1 (25),25,85.20507608,1299681,2.62E-20,0,0s:1ms,,4.9192116398,6.13%
Packomania 1,26,84.97819107,,Packomania 1 (26),26,89.93692251,977932,6.16E-20,0,0s:0ms,,4.9587314446,5.84%
Packomania 1,27,89.75096268,,Packomania 1 (27),27,94.88136225,966161,3.69E-20,0,0s:0ms,,5.1303995654,5.72%
Packomania 1,28,94.5258771,,Packomania 1 (28),28,99.86768794,1078129,4.11E-20,0,0s:1ms,,5.3418108395,5.65%
Packomania 1,29,99.48311156,,Packomania 1 (29),29,106.2962349,137519815,5.11E-20,0,0s:137ms,,6.8131233045,6.85%
Packomania 1,30,104.5403638,,Packomania 1 (30),30,111.0148098,1955712,7.11E-20,0,0s:1ms,,6.4744460321,6.19%
Packomania 1,31,109.6292407,,Packomania 1 (31),31,117.0878782,9892887,8.59E-20,0,0s:9ms,,7.4586375248,6.80%
Packomania 1,32,114.7998147,,Packomania 1 (32),32,123.1802853,1455990,4.66E-20,0,0s:1ms,,8.3804706408,7.30%
Packomania 1,33,120.0656596,,Packomania 1 (33),33,128.215259,11299460,1.02E-19,0,0s:11ms,,8.1495993452,6.79%
Packomania 1,34,125.3669392,,Packomania 1 (34),34,133.247447,2548904,6.05E-20,0,0s:2ms,,7.8805077664,6.29%
Packomania 1,35,130.8490788,,Packomania 1 (35),35,138.2771663,3666581,7.79E-20,0,0s:3ms,,7.4280874986,5.68%
Packomania 1,36,136.3079108,,Packomania 1 (36),36,144.6463617,1766942,8.57E-20,0,0s:1ms,,8.3384509125,6.12%
Packomania 1,37,141.7837334,,Packomania 1 (37),37,152.4389507,2221766,7.16E-20,0,0s:2ms,,10.6552172234,7.52%
Packomania 1,38,147.4521165,,Packomania 1 (38),38,158.3732762,7262975,1.17E-19,0,0s:7ms,,10.9211597336,7.41%
Packomania 1,39,153.1997434,,Packomania 1 (39),39,163.7256474,1841783,1.54E-19,0,0s:1ms,,10.5259040974,6.87%
Packomania 1,40,159.0215769,,Packomania 1 (40),40,170.8117726,2930926,1.79E-19,0,0s:2ms,,11.7901957151,7.41%
Packomania 1,41,164.8062304,,Packomania 1 (41),41,177.004655,2153455,1.54E-19,0,0s:2ms,,12.1984245382,7.40%
Packomania 1,42,170.697811,,Packomania 1 (42),42,182.440372,2101886,2.76E-19,0,0s:2ms,,11.7425609294,6.88%
Packomania 1,43,176.7326562,,Packomania 1 (43),43,188.4172803,2326878,1.65E-19,0,0s:2ms,,11.6846240215,6.61%
Packomania 1,44,182.7726194,,Packomania 1 (44),44,196.6620902,2848561,2.57E-19,0,0s:2ms,,13.8894708123,7.60%
Packomania 1,45,188.964969,,Packomania 1 (45),45,202.5286416,3073581,1.01E-19,0,0s:3ms,,13.5636726221,7.18%
Packomania 1,46,195.2039014,,Packomania 1 (46),46,207.3758687,4050310,3.79E-19,0,0s:4ms,,12.1719673837,6.24%
Packomania 1,47,201.4861933,,Packomania 1 (47),47,212.7149266,2371694,4.82E-19,0,0s:2ms,,11.2287332287,5.57%
Packomania 1,48,207.8008434,,Packomania 1 (48),48,220.8336262,87797854,3.48E-19,0,0s:87ms,,13.0327828219,6.27%
Packomania 1,49,214.1809301,,Packomania 1 (49),49,227.3484969,10758104,3.75E-19,0,0s:10ms,,13.1675667664,6.15%
Packomania 1,50,220.5654003,,Packomania 1 (50),50,234.0553916,8311761,3.36E-19,0,0s:8ms,,13.4899913627,6.12%
Packomania 1,51,227.6803362,,Packomania 1 (51),51,240.1831765,2649823,4.55E-19,0,0s:2ms,,12.5028402517,5.49%
Packomania 1,52,234.4402714,,Packomania 1 (52),52,247.2368978,4028658,4.34E-19,0,0s:4ms,,12.7966263895,5.46%
Packomania 1,53,241.13286,,Packomania 1 (53),53,255.7171621,6889641,4.87E-19,0,0s:6ms,,14.5843020125,6.05%
Packomania 1,54,247.8032878,,Packomania 1 (54),54,262.868371,2973792,6.83E-19,0,0s:2ms,,15.0650832017,6.08%
Packomania 1,55,254.7210367,,Packomania 1 (55),55,268.5141407,23379399,2.97E-19,0,0s:23ms,,13.7931039905,5.41%
Packomania 1,56,261.640041,,Packomania 1 (56),56,274.9108253,3683473,4.56E-19,0,0s:3ms,,13.2707843507,5.07%
Packomania 1,57,268.4240815,,Packomania 1 (57),57,282.8776937,60041018,6.37E-19,0,0s:60ms,,14.4536122679,5.38%
Packomania 1,58,275.4715577,,Packomania 1 (58),58,289.605714,24391230,4.92E-19,0,0s:24ms,,14.1341563166,5.13%
Packomania 1,59,282.3339759,,Packomania 1 (59),59,299.2757681,3686081,6.71E-19,0,0s:3ms,,16.9417921475,6.00%
Packomania 1,60,289.3422659,,Packomania 1 (60),60,304.6812371,10933261,7.99E-19,0,0s:10ms,,15.3389711825,5.30%
Packomania 1,61,296.717773,,Packomania 1 (61),61,313.9597079,4214687,8.23E-19,0,0s:4ms,,17.2419348953,5.81%
Packomania 1,62,303.7777367,,Packomania 1 (62),62,323.9177529,4323852,8.95E-19,0,0s:4ms,,20.1400161641,6.63%
Packomania 1,63,310.9235322,,Packomania 1 (63),63,332.2123812,19709452,8.11E-19,0,0s:19ms,,21.2888489762,6.85%
Packomania 1,64,318.5409988,,Packomania 1 (64),64,340.6053063,4566267,7.76E-19,0,0s:4ms,,22.0643074867,6.93%
Packomania 1,65,325.5680022,,Packomania 1 (65),65,347.0994671,3790327,7.28E-19,0,0s:3ms,,21.5314649851,6.61%
Packomania 1,66,333.243233,,Packomania 1 (66),66,354.4394593,4236569,8.92E-19,0,0s:4ms,,21.1962262651,6.36%
Packomania 1,67,340.7251536,,Packomania 1 (67),67,362.181251,3922659,8.86E-19,0,0s:3ms,,21.4560974215,6.30%
Packomania 1,68,348.1910155,,Packomania 1 (68),68,370.3151028,107246958,6.28E-19,0,0s:107ms,,22.1240873386,6.35%
Packomania 1,69,355.6061123,,Packomania 1 (69),69,376.9371949,11939578,7.18E-19,0,0s:11ms,,21.3310825298,6.00%
Packomania 1,70,363.5378366,,Packomania 1 (70),70,388.0662131,6091145,9.74E-19,0,0s:6ms,,24.5283764994,6.75%
Packomania 1,71,371.3559914,,Packomania 1 (71),71,392.3562249,8832720,1.07E-18,0,0s:8ms,,21.0002335141,5.66%
Packomania 1,72,378.9536133,,Packomania 1 (72),72,402.5022428,6178702,9.80E-19,0,0s:6ms,,23.5486294950,6.21%
Packomania 1,73,386.7761998,,Packomania 1 (73),73,411.6110859,76527553,8.99E-19,0,0s:76ms,,24.8348860634,6.42%
Packomania 1,74,394.6660409,,Packomania 1 (74),74,420.7679123,4513568,1.24E-18,0,0s:4ms,,26.1018713787,6.61%
Packomania 1,75,402.3461644,,Packomania 1 (75),75,424.7177231,16048675,1.04E-18,0,0s:16ms,,22.3715586755,5.56%
Packomania 1,76,410.1895435,,Packomania 1 (76),76,432.5052319,5533978,1.44E-18,0,0s:5ms,,22.3156883095,5.44%
Packomania 1,77,418.5499612,,Packomania 1 (77),77,443.6467399,27376473,1.46E-18,0,0s:27ms,,25.0967787844,6.00%
Packomania 1,78,426.3941267,,Packomania 1 (78),78,451.6199239,13798642,1.29E-18,0,0s:13ms,,25.2257972078,5.92%
Packomania 1,79,434.7680082,,Packomania 1 (79),79,461.4070427,5513697,2.39E-18,0,0s:5ms,,26.6390345424,6.13%
Packomania 1,80,442.7191587,,Packomania 1 (80),80,468.0681694,5942294,2.45E-18,0,0s:5ms,,25.3490106831,5.73%
Packomania 1,81,450.9036642,,Packomania 1 (81),81,475.5595161,6842753,1.98E-18,0,0s:6ms,,24.6558519794,5.47%
Packomania 1,82,459.3903517,,Packomania 1 (82),82,486.5415641,5628206,1.62E-18,0,0s:5ms,,27.1512124091,5.91%
Packomania 1,83,467.6800865,,Packomania 1 (83),83,494.9875395,6071143,2.31E-18,0,0s:6ms,,27.3074530526,5.84%
Packomania 1,84,475.8025872,,Packomania 1 (84),84,503.1575199,77181100,1.52E-18,0,0s:77ms,,27.3549327168,5.75%
Packomania 1,85,484.4776292,,Packomania 1 (85),85,512.2361165,7906847,3.06E-18,0,0s:7ms,,27.7584873045,5.73%
Packomania 1,86,492.7211187,,Packomania 1 (86),86,521.9387989,11016714,2.25E-18,0,0s:11ms,,29.2176801460,5.93%
Packomania 1,87,501.3589996,,Packomania 1 (87),87,530.6873361,16604801,2.89E-18,0,0s:16ms,,29.3283365110,5.85%
Packomania 1,88,509.9171158,,Packomania 1 (88),88,535.810191,7477829,1.78E-18,0,0s:7ms,,25.8930752125,5.08%
Packomania 1,89,518.3668565,,Packomania 1 (89),89,545.4204186,5874696,2.44E-18,0,0s:5ms,,27.0535621118,5.22%
Packomania 1,90,526.9030101,,Packomania 1 (90),90,554.9318685,47293908,3.41E-18,0,0s:47ms,,28.0288584034,5.32%
Packomania 1,91,535.6241529,,Packomania 1 (91),91,563.8084375,21968156,2.86E-18,0,0s:21ms,,28.1842846818,5.26%
Packomania 1,92,544.4518726,,Packomania 1 (92),92,572.9225881,8047953,3.33E-18,0,0s:8ms,,28.4707155757,5.23%
Packomania 1,93,553.2844216,,Packomania 1 (93),93,581.3293274,11596487,3.64E-18,0,0s:11ms,,28.0449058225,5.07%
Packomania 1,94,562.2873009,,Packomania 1 (94),94,590.033592,50016339,3.60E-18,0,0s:50ms,,27.7462911062,4.93%
Packomania 1,95,570.9739657,,Packomania 1 (95),95,599.2930087,7409892,3.39E-18,0,0s:7ms,,28.3190430029,4.96%
Packomania 1,96,579.9547414,,Packomania 1 (96),96,612.6535248,7994872,3.43E-18,0,0s:7ms,,32.6987833884,5.64%
Packomania 1,97,589.1016036,,Packomania 1 (97),97,618.6339788,34271624,3.53E-18,0,0s:34ms,,29.5323752126,5.01%
Packomania 1,98,598.0873457,,Packomania 1 (98),98,628.7495879,53760561,3.49E-18,0,0s:53ms,,30.6622421306,5.13%
Packomania 1,99,607.2130456,,Packomania 1 (99),99,640.7227437,8605779,4.03E-18,0,0s:8ms,,33.5096980965,5.52%
Packomania 1,100,615.8676392,,Packomania 1 (100),100,654.2342342,13816232,3.87E-18,0,0s:13ms,,38.3665949658,6.23%
Packomania 1,101,625.4129166,,Packomania 1 (101),101,654.7565755,35317968,3.86E-18,0,0s:35ms,,29.3436589135,4.69%
Packomania 1,102,635.0014481,,Packomania 1 (102),102,666.8855903,8454596,5.56E-18,0,0s:8ms,,31.8841421988,5.02%
Packomania 1,103,644.0261452,,Packomania 1 (103),103,679.660035,18796955,4.74E-18,0,0s:18ms,,35.6338898842,5.53%
Packomania 1,104,653.2488265,,Packomania 1 (104),104,687.260894,10930023,5.20E-18,0,0s:10ms,,34.0120675068,5.21%
Packomania 1,105,662.757924,,Packomania 1 (105),105,694.7227123,14898281,5.54E-18,0,0s:14ms,,31.9647883149,4.82%
Packomania 1,106,672.3912463,,Packomania 1 (106),106,705.6561613,9241168,5.63E-18,0,0s:9ms,,33.2649149921,4.95%
Packomania 1,107,681.7774575,,Packomania 1 (107),107,713.2447002,7683261,5.52E-18,0,0s:7ms,,31.4672427496,4.62%
Packomania 1,108,691.021475,,Packomania 1 (108),108,725.6010759,24045722,6.68E-18,0,0s:24ms,,34.5796008747,5.00%
Packomania 1,109,700.2736046,,Packomania 1 (109),109,735.262392,17411778,6.34E-18,0,0s:17ms,,34.9887873584,5.00%
Packomania 1,110,710.0999889,,Packomania 1 (110),110,745.7975534,49165866,4.95E-18,0,0s:49ms,,35.6975644566,5.03%
Packomania 1,111,719.5987078,,Packomania 1 (111),111,758.1779863,15843649,6.17E-18,0,0s:15ms,,38.5792784127,5.36%
Packomania 1,112,728.9808997,,Packomania 1 (112),112,769.5217717,27230604,6.76E-18,0,0s:27ms,,40.5408719841,5.56%
Packomania 1,113,739.2681393,,Packomania 1 (113),113,779.6794931,10090642,6.83E-18,0,0s:10ms,,40.4113538763,5.47%
Packomania 1,114,748.9170311,,Packomania 1 (114),114,790.0110369,24343506,5.86E-18,0,0s:24ms,,41.0940057618,5.49%
Packomania 1,115,758.5403224,,Packomania 1 (115),115,800.4993412,9167412,7.17E-18,0,0s:9ms,,41.9590188761,5.53%
Packomania 1,116,768.0575864,,Packomania 1 (116),116,811.9736432,9707712,6.63E-18,0,0s:9ms,,43.9160567286,5.72%
Packomania 1,117,778.0802266,,Packomania 1 (117),117,823.8439535,10972159,7.36E-18,0,0s:10ms,,45.7637268808,5.88%
Packomania 1,118,787.955193,,Packomania 1 (118),118,830.3459981,21274542,6.82E-18,0,0s:21ms,,42.3908051008,5.38%
Packomania 1,119,797.8699489,,Packomania 1 (119),119,842.9611167,19981857,7.85E-18,0,0s:19ms,,45.0911678906,5.65%
Packomania 1,120,808.3093264,,Packomania 1 (120),120,853.4123081,18516780,6.47E-18,0,0s:18ms,,45.1029817409,5.58%
Packomania 1,121,818.2475492,,Packomania 1 (121),121,859.0828754,32509280,6.78E-18,0,0s:32ms,,40.8353261717,4.99%
Packomania 1,122,828.1642448,,Packomania 1 (122),122,872.3640645,26442954,8.40E-18,0,0s:26ms,,44.1998196689,5.34%
Packomania 1,123,837.9108474,,Packomania 1 (123),123,883.3198174,10117235,7.26E-18,0,0s:10ms,,45.4089699367,5.42%
Packomania 1,124,848.265692,,Packomania 1 (124),124,888.5239112,10274061,7.22E-18,0,0s:10ms,,40.2582192058,4.75%
Packomania 1,125,858.5698155,,Packomania 1 (125),125,906.9182567,11037292,7.03E-18,0,0s:11ms,,48.3484411811,5.63%
Packomania 1,126,868.7452097,,Packomania 1 (126),126,919.1873186,10824518,6.25E-18,0,0s:10ms,,50.4421088463,5.81%
Packomania 1,127,878.9113552,,Packomania 1 (127),127,929.1894792,59561781,9.00E-18,0,0s:59ms,,50.2781240664,5.72%
Packomania 1,128,889.4083279,,Packomania 1 (128),128,940.6625452,12796719,7.16E-18,0,0s:12ms,,51.2542173032,5.76%
Packomania 1,129,899.3794711,,Packomania 1 (129),129,939.0402908,25001371,7.01E-18,0,0s:25ms,,39.6608196933,4.41%
Packomania 1,130,910.0149851,,Packomania 1 (130),130,956.4974894,28953730,6.88E-18,0,0s:28ms,,46.4825042620,5.11%
Packomania 1,131,920.3565478,,Packomania 1 (131),131,964.284437,11189621,5.37E-18,0,0s:11ms,,43.9278891473,4.77%
Packomania 1,132,931.0037789,,Packomania 1 (132),132,978.8995627,27516414,6.96E-18,0,0s:27ms,,47.8957838592,5.14%
Packomania 1,133,941.572814,,Packomania 1 (133),133,992.651323,16879120,7.40E-18,0,0s:16ms,,51.0785089994,5.42%
Packomania 1,134,951.4867325,,Packomania 1 (134),134,999.1692947,19609065,1.04E-17,0,0s:19ms,,47.6825622415,5.01%
Packomania 1,135,962.6267783,,Packomania 1 (135),135,1011.670356,70446181,9.34E-18,0,0s:70ms,,49.0435779611,5.09%
Packomania 1,136,973.5501094,,Packomania 1 (136),136,1023.408578,32112282,9.68E-18,0,0s:32ms,,49.8584681961,5.12%
Packomania 1,137,983.6545581,,Packomania 1 (137),137,1039.839059,29057127,1.43E-17,0,0s:29ms,,56.1845006701,5.71%
Packomania 1,138,994.589987,,Packomania 1 (138),138,1046.579775,12004328,8.83E-18,0,0s:12ms,,51.9897882140,5.23%
Packomania 1,139,1005.134043,,Packomania 1 (139),139,1060.799299,12233858,9.03E-18,0,0s:12ms,,55.6652552216,5.54%
Packomania 1,140,1016.243955,,Packomania 1 (140),140,1066.391406,17123887,1.09E-17,0,0s:17ms,,50.1474504792,4.93%
Packomania 1,141,1027.012735,,Packomania 1 (141),141,1075.826455,29316446,1.09E-17,0,0s:29ms,,48.8137198003,4.75%
Packomania 1,142,1038.033343,,Packomania 1 (142),142,1091.535835,28172230,1.13E-17,0,0s:28ms,,53.5024911515,5.15%
Packomania 1,143,1048.086632,,Packomania 1 (143),143,1105.062108,11877623,9.95E-18,0,0s:11ms,,56.9754760099,5.44%
Packomania 1,144,1059.610594,,Packomania 1 (144),144,1118.135792,32534087,8.54E-18,0,0s:32ms,,58.5251983013,5.52%
Packomania 1,145,1070.299995,,Packomania 1 (145),145,1128.198594,43211225,1.06E-17,0,0s:43ms,,57.8985985688,5.41%
Packomania 1,146,1081.849804,,Packomania 1 (146),146,1137.382853,12866190,1.16E-17,0,0s:12ms,,55.5330488821,5.13%
Packomania 1,147,1092.224839,,Packomania 1 (147),147,1146.180093,12677925,1.41E-17,0,0s:12ms,,53.9552534597,4.94%
Packomania 1,148,1103.625998,,Packomania 1 (148),148,1157.325822,13910679,1.41E-17,0,0s:13ms,,53.6998239456,4.87%
Packomania 1,149,1114.562888,,Packomania 1 (149),149,1170.783856,12212402,1.51E-17,0,0s:12ms,,56.2209683647,5.04%
Packomania 1,150,1125.962247,,Packomania 1 (150),150,1179.834746,19040313,1.17E-17,0,0s:19ms,,53.8724990106,4.78%
Packomania 1,151,1136.450736,,Packomania 1 (151),151,1188.206974,21311409,1.51E-17,0,0s:21ms,,51.7562382973,4.55%
Packomania 1,152,1148.381201,,Packomania 1 (152),152,1198.503306,16427994,1.11E-17,0,0s:16ms,,50.1221048286,4.36%
Packomania 1,153,1159.288108,,Packomania 1 (153),153,1211.469481,15211008,1.66E-17,0,0s:15ms,,52.1813720335,4.50%
Packomania 1,154,1170.008519,,Packomania 1 (154),154,1221.771848,20353464,1.52E-17,0,0s:20ms,,51.7633292913,4.42%
Packomania 1,155,1182.306413,,Packomania 1 (155),155,1232.750873,14263601,1.64E-17,0,0s:14ms,,50.4444602860,4.27%
Packomania 1,156,1193.219558,,Packomania 1 (156),156,1241.96315,15960020,1.72E-17,0,0s:15ms,,48.7435918571,4.09%
Packomania 1,157,1205.242985,,Packomania 1 (157),157,1257.673634,15376242,1.82E-17,0,0s:15ms,,52.4306489161,4.35%
Packomania 1,158,1216.514329,,Packomania 1 (158),158,1272.623712,14878966,1.61E-17,0,0s:14ms,,56.1093833890,4.61%
Packomania 1,159,1227.02294,,Packomania 1 (159),159,1287.046839,14558072,1.68E-17,0,0s:14ms,,60.0238985772,4.89%
Packomania 1,160,1238.93349,,Packomania 1 (160),160,1297.811321,32152785,2.27E-17,0,0s:32ms,,58.8778314960,4.75%
Packomania 1,161,1251.042708,,Packomania 1 (161),161,1309.194957,16970341,2.42E-17,0,0s:16ms,,58.1522496450,4.65%
Packomania 1,162,1262.789645,,Packomania 1 (162),162,1325.157536,35130177,1.85E-17,0,0s:35ms,,62.3678910466,4.94%
Packomania 1,163,1273.875363,,Packomania 1 (163),163,1340.254659,17672188,1.70E-17,0,0s:17ms,,66.3792957824,5.21%
Packomania 1,164,1286.025828,,Packomania 1 (164),164,1355.126621,21501743,1.32E-17,0,0s:21ms,,69.1007934484,5.37%
Packomania 1,165,1297.507389,,Packomania 1 (165),165,1360.843465,16650182,1.94E-17,0,0s:16ms,,63.3360754563,4.88%
Packomania 1,166,1309.139789,,Packomania 1 (166),166,1372.652535,15183218,2.28E-17,0,0s:15ms,,63.5127460293,4.85%
Packomania 1,167,1321.053819,,Packomania 1 (167),167,1380.367699,15239629,2.13E-17,0,0s:15ms,,59.3138806314,4.49%
Packomania 1,168,1332.790901,,Packomania 1 (168),168,1396.706975,21146361,2.23E-17,0,0s:21ms,,63.9160738570,4.80%
Packomania 1,169,1344.525206,,Packomania 1 (169),169,1408.899427,19359025,2.49E-17,0,0s:19ms,,64.3742216180,4.79%
Packomania 1,170,1356.179054,,Packomania 1 (170),170,1421.473252,23834486,2.87E-17,0,0s:23ms,,65.2941986483,4.81%
Packomania 1,171,1368.338575,,Packomania 1 (171),171,1436.819503,50428563,2.71E-17,0,0s:50ms,,68.4809275612,5.00%
Packomania 1,172,1380.333616,,Packomania 1 (172),172,1443.901427,29456515,2.93E-17,0,0s:29ms,,63.5678107594,4.61%
Packomania 1,173,1391.879458,,Packomania 1 (173),173,1456.325953,93790251,2.51E-17,0,0s:93ms,,64.4464957907,4.63%
Packomania 1,174,1403.566254,,Packomania 1 (174),174,1471.496936,17594208,2.53E-17,0,0s:17ms,,67.9306813422,4.84%
Packomania 1,175,1415.989735,,Packomania 1 (175),175,1485.609411,19300085,3.20E-17,0,0s:19ms,,69.6196752979,4.92%
Packomania 1,176,1428.497598,,Packomania 1 (176),176,1498.150763,40114503,1.95E-17,0,0s:40ms,,69.6531648576,4.88%
Packomania 1,177,1440.624114,,Packomania 1 (177),177,1520.601441,18707936,2.97E-17,0,0s:18ms,,79.9773270606,5.55%
Packomania 1,178,1452.757272,,Packomania 1 (178),178,1533.313102,21751267,3.39E-17,0,0s:21ms,,80.5558307306,5.55%
Packomania 1,179,1464.812903,,Packomania 1 (179),179,1544.279674,16287977,4.13E-17,0,0s:16ms,,79.4667714894,5.43%
Packomania 1,180,1476.565762,,Packomania 1 (180),180,1549.253422,15958015,3.61E-17,0,0s:15ms,,72.6876600373,4.92%
Packomania 1,181,1489.017452,,Packomania 1 (181),181,1567.397547,16236401,2.92E-17,0,0s:16ms,,78.3800946877,5.26%
Packomania 1,182,1501.087384,,Packomania 1 (182),182,1582.428192,16964639,3.12E-17,0,0s:16ms,,81.3408078754,5.42%
Packomania 1,183,1514.01682,,Packomania 1 (183),183,1586.179083,16599834,3.14E-17,0,0s:16ms,,72.1622628565,4.77%
Packomania 1,184,1525.885179,,Packomania 1 (184),184,1608.260257,18257487,3.44E-17,0,0s:18ms,,82.3750775373,5.40%
Packomania 1,185,1537.376408,,Packomania 1 (185),185,1619.244541,16752955,3.12E-17,0,0s:16ms,,81.8681332884,5.33%
Packomania 1,186,1550.809164,,Packomania 1 (186),186,1630.783013,69989111,3.13E-17,0,0s:69ms,,79.9738492793,5.16%
Packomania 1,187,1563.028446,,Packomania 1 (187),187,1641.222098,20605136,3.38E-17,0,0s:20ms,,78.1936519827,5.00%
Packomania 1,188,1575.802178,,Packomania 1 (188),188,1658.869995,19295241,3.70E-17,0,0s:19ms,,83.0678169214,5.27%
Packomania 1,189,1588.346875,,Packomania 1 (189),189,1670.718704,18145639,3.41E-17,0,0s:18ms,,82.3718286801,5.19%
Packomania 1,190,1600.66992,,Packomania 1 (190),190,1684.525388,18134031,4.45E-17,0,0s:18ms,,83.8554676059,5.24%
Packomania 1,191,1613.286429,,Packomania 1 (191),191,1691.729998,21372649,3.02E-17,0,0s:21ms,,78.4435689224,4.86%
Packomania 1,192,1626.176015,,Packomania 1 (192),192,1707.916237,20246772,4.36E-17,0,0s:20ms,,81.7402226434,5.03%
Packomania 1,193,1638.978104,,Packomania 1 (193),193,1722.336844,19554445,3.49E-17,0,0s:19ms,,83.3587400976,5.09%
Packomania 1,194,1651.184614,,Packomania 1 (194),194,1733.930788,19636951,3.53E-17,0,0s:19ms,,82.7461736083,5.01%
Packomania 1,195,1663.511587,,Packomania 1 (195),195,1742.176526,19494040,4.26E-17,0,0s:19ms,,78.6649392823,4.73%
Packomania 1,196,1676.838498,,Packomania 1 (196),196,1757.798572,22759240,4.85E-17,0,0s:22ms,,80.9600734542,4.83%
Packomania 1,197,1688.921565,,Packomania 1 (197),197,1770.904998,22176215,4.02E-17,0,0s:22ms,,81.9834328647,4.85%
Packomania 1,198,1701.700662,,Packomania 1 (198),198,1782.097388,18871612,5.02E-17,0,0s:18ms,,80.3967258220,4.72%
Packomania 1,199,1714.696039,,Packomania 1 (199),199,1797.645421,19722816,4.18E-17,0,0s:19ms,,82.9493820303,4.84%
Packomania 1,200,1726.221913,,Packomania 1 (200),200,1807.004915,23866148,3.16E-17,0,0s:23ms,,80.7830024141,4.68%
Packomania 1/2,5,4.521480277,,Packomania 1/2 (5),5,4.645331059,117897,3.31E-23,0,0s:0ms,,0.1238507820,2.74%
Packomania 1/2,6,5.35096299,,Packomania 1/2 (6),6,5.565200476,79933,6.12E-23,0,0s:0ms,,0.2142374858,4.00%
Packomania 1/2,7,6.049378486,,Packomania 1/2 (7),7,6.313171861,847593,7.94E-23,0,0s:0ms,,0.2637933742,4.36%
Packomania 1/2,8,6.774266652,,Packomania 1/2 (8),8,7.011200784,147859,2.40E-22,0,0s:0ms,,0.2369341324,3.50%
Packomania 1/2,9,7.559002377,,Packomania 1/2 (9),9,7.645002451,158401,2.10E-22,0,0s:0ms,,0.0860000737,1.14%
Packomania 1/2,10,8.303468122,,Packomania 1/2 (10),10,8.773595833,201233,3.06E-22,0,0s:0ms,,0.4701277110,5.66%
Packomania 1/2,11,9.072125879,,Packomania 1/2 (11),11,9.564217949,242581,7.87E-22,0,0s:0ms,,0.4920920696,5.42%
Packomania 1/2,12,9.865320304,,Packomania 1/2 (12),12,10.47459566,2141735,3.46E-22,0,0s:2ms,,0.6092753519,6.18%
Packomania 1/2,13,10.58832629,,Packomania 1/2 (13),13,11.28988685,984814,5.29E-22,0,0s:0ms,,0.7015605668,6.63%
Packomania 1/2,14,11.36497759,,Packomania 1/2 (14),14,12.03662293,344747,8.74E-22,0,0s:0ms,,0.6716453426,5.91%
Packomania 1/2,15,12.0755266,,Packomania 1/2 (15),15,12.73140124,392709,8.34E-22,0,0s:0ms,,0.6558746339,5.43%
Packomania 1/2,16,12.81931152,,Packomania 1/2 (16),16,13.54360586,5119227,6.55E-22,0,0s:5ms,,0.7242943423,5.65%
Packomania 1/2,17,13.58212394,,Packomania 1/2 (17),17,14.56084288,497906,1.18E-21,0,0s:0ms,,0.9787189360,7.21%
Packomania 1/2,18,14.32496989,,Packomania 1/2 (18),18,15.462612,604639,1.10E-21,0,0s:0ms,,1.1376421126,7.94%
Packomania 1/2,19,15.03535243,,Packomania 1/2 (19),19,16.1728907,578182,1.24E-21,0,0s:0ms,,1.1375382697,7.57%
Packomania 1/2,20,15.80237882,,Packomania 1/2 (20),20,16.99625392,775499,1.30E-21,0,0s:0ms,,1.1938751032,7.56%
Packomania 1/2,21,16.55930116,,Packomania 1/2 (21),21,17.78557896,714746,1.94E-21,0,0s:0ms,,1.2262778069,7.41%
Packomania 1/2,22,17.29396452,,Packomania 1/2 (22),22,18.52909152,726825,1.15E-21,0,0s:0ms,,1.2351270012,7.14%
Packomania 1/2,23,18.0499852,,Packomania 1/2 (23),23,19.23530642,9783003,3.96E-21,0,0s:9ms,,1.1853212204,6.57%
Packomania 1/2,24,18.79875241,,Packomania 1/2 (24),24,19.91971384,904446,2.76E-21,0,0s:0ms,,1.1209614357,5.96%
Packomania 1/2,25,19.5506756,,Packomania 1/2 (25),25,20.66318875,966964,2.69E-21,0,0s:0ms,,1.1125131521,5.69%
Packomania 1/2,26,20.2902618,,Packomania 1/2 (26),26,22.23042619,1614597,3.91E-21,0,0s:1ms,,1.9401643933,9.56%
Packomania 1/2,27,21.06193173,,Packomania 1/2 (27),27,22.9880056,22864375,2.66E-21,0,0s:22ms,,1.9260738751,9.14%
Packomania 1/2,28,21.79712527,,Packomania 1/2 (28),28,23.71343628,1132895,1.95E-21,0,0s:1ms,,1.9163110120,8.79%
Packomania 1/2,29,22.54735751,,Packomania 1/2 (29),29,24.41115787,1201680,4.39E-21,0,0s:1ms,,1.8638003585,8.27%
Packomania 1/2,30,23.25868018,,Packomania 1/2 (30),30,25.19760804,1867220,2.18E-21,0,0s:1ms,,1.9389278525,8.34%
Packomania 1/2,31,24.03727193,,Packomania 1/2 (31),31,25.81304012,1274712,3.39E-21,0,0s:1ms,,1.7757681886,7.39%
Packomania 1/2,32,24.78200903,,Packomania 1/2 (32),32,26.41001473,1399770,5.24E-21,0,0s:1ms,,1.6280056998,6.57%
Packomania 1/2,33,25.54486052,,Packomania 1/2 (33),33,27.14270567,8154833,6.14E-21,0,0s:8ms,,1.5978451512,6.26%
Packomania 1/2,34,26.30459206,,Packomania 1/2 (34),34,28.23676513,1762710,8.37E-21,0,0s:1ms,,1.9321730714,7.35%
Packomania 1/2,35,27.03382245,,Packomania 1/2 (35),35,29.1675068,1870962,4.93E-21,0,0s:1ms,,2.1336843460,7.89%
Packomania 1/2,36,27.77995711,,Packomania 1/2 (36),36,29.74228203,1783939,5.76E-21,0,0s:1ms,,1.9623249292,7.06%
Packomania 1/2,37,28.52327223,,Packomania 1/2 (37),37,30.55237025,11877981,9.32E-21,0,0s:11ms,,2.0290980255,7.11%
Packomania 1/2,38,29.2801575,,Packomania 1/2 (38),38,31.32911627,2154180,8.91E-21,0,0s:2ms,,2.0489587647,7.00%
Packomania 1/2,39,30.02551081,,Packomania 1/2 (39),39,32.07750685,2020958,8.58E-21,0,0s:2ms,,2.0519960334,6.83%
Packomania 1/2,40,30.75824676,,Packomania 1/2 (40),40,32.80128099,1959254,9.11E-21,0,0s:1ms,,2.0430342306,6.64%
Packomania 1/2,41,31.5074417,,Packomania 1/2 (41),41,33.67925509,2140230,7.68E-21,0,0s:2ms,,2.1718133896,6.89%
Packomania 1/2,42,32.27253417,,Packomania 1/2 (42),42,34.41887774,2061202,7.72E-21,0,0s:2ms,,2.1463435677,6.65%
Packomania 1/2,43,33.01068077,,Packomania 1/2 (43),43,35.03290206,2919023,7.92E-21,0,0s:2ms,,2.0222212869,6.13%
Packomania 1/2,44,33.76125465,,Packomania 1/2 (44),44,35.99501679,2329890,1.22E-20,0,0s:2ms,,2.2337621450,6.62%
Packomania 1/2,45,34.52293182,,Packomania 1/2 (45),45,36.88407979,2629742,1.29E-20,0,0s:2ms,,2.3611479634,6.84%
Packomania 1/2,46,35.24429078,,Packomania 1/2 (46),46,37.49808526,2956384,1.35E-20,0,0s:2ms,,2.2537944845,6.39%
Packomania 1/2,47,35.99250776,,Packomania 1/2 (47),47,38.21813911,2805695,6.20E-21,0,0s:2ms,,2.2256313508,6.18%
Packomania 1/2,48,36.76013222,,Packomania 1/2 (48),48,38.92008922,2581199,1.28E-20,0,0s:2ms,,2.1599570026,5.88%
Packomania 1/2,49,37.46753983,,Packomania 1/2 (49),49,39.73435907,3005202,1.06E-20,0,0s:3ms,,2.2668192423,6.05%
Packomania 1/2,50,38.25556972,,Packomania 1/2 (50),50,40.53178138,3097870,1.29E-20,0,0s:3ms,,2.2762116663,5.95%
Packomania 1/2,51,38.98768932,,Packomania 1/2 (51),51,42.15091723,2830965,1.85E-20,0,0s:2ms,,3.1632279036,8.11%
Packomania 1/2,52,39.74306968,,Packomania 1/2 (52),52,42.89795161,3068127,1.79E-20,0,0s:3ms,,3.1548819271,7.94%
Packomania 1/2,53,40.48968483,,Packomania 1/2 (53),53,43.52039716,4126233,7.13E-21,0,0s:4ms,,3.0307123211,7.49%
Packomania 1/2,54,41.23581075,,Packomania 1/2 (54),54,44.15285577,3111129,1.12E-20,0,0s:3ms,,2.9170450216,7.07%
Packomania 1/2,55,41.98271338,,Packomania 1/2 (55),55,45.00105715,3605311,1.85E-20,0,0s:3ms,,3.0183437706,7.19%
Packomania 1/2,56,42.72931327,,Packomania 1/2 (56),56,45.64420809,3401584,1.50E-20,0,0s:3ms,,2.9148948170,6.82%
Packomania 1/2,57,43.50080653,,Packomania 1/2 (57),57,46.45103577,3453699,1.77E-20,0,0s:3ms,,2.9502292405,6.78%
Packomania 1/2,58,44.22194556,,Packomania 1/2 (58),58,47.13057987,4418943,1.57E-20,0,0s:4ms,,2.9086343035,6.58%
Packomania 1/2,59,44.9825593,,Packomania 1/2 (59),59,48.18944065,3822830,1.79E-20,0,0s:3ms,,3.2068813482,7.13%
Packomania 1/2,60,45.70598269,,Packomania 1/2 (60),60,48.92807634,3976025,1.58E-20,0,0s:3ms,,3.2220936565,7.05%
Packomania 1/2,61,46.47167529,,Packomania 1/2 (61),61,50.12902499,3963799,1.74E-20,0,0s:3ms,,3.6573496935,7.87%
Packomania 1/2,62,47.19034394,,Packomania 1/2 (62),62,50.84643939,4105761,1.97E-20,0,0s:4ms,,3.6560954536,7.75%
Packomania 1/2,63,47.96038659,,Packomania 1/2 (63),63,51.56087869,4409744,1.28E-20,0,0s:4ms,,3.6004921000,7.51%
Packomania 1/2,64,48.70530574,,Packomania 1/2 (64),64,51.94948876,4660462,2.04E-20,0,0s:4ms,,3.2441830170,6.66%
Packomania 1/2,65,49.42245241,,Packomania 1/2 (65),65,52.65486666,4424548,1.68E-20,0,0s:4ms,,3.2324142527,6.54%
Packomania 1/2,66,50.18742036,,Packomania 1/2 (66),66,53.35552985,4315956,3.00E-20,0,0s:4ms,,3.1681094893,6.31%
Packomania 1/2,67,50.90373739,,Packomania 1/2 (67),67,54.0422335,4549312,2.02E-20,0,0s:4ms,,3.1384961055,6.17%
Packomania 1/2,68,51.64886468,,Packomania 1/2 (68),68,54.85582673,4829921,2.34E-20,0,0s:4ms,,3.2069620523,6.21%
Packomania 1/2,69,52.44298308,,Packomania 1/2 (69),69,55.77600995,4833607,2.33E-20,0,0s:4ms,,3.3330268692,6.36%
Packomania 1/2,70,53.18043899,,Packomania 1/2 (70),70,56.43020596,4954760,3.61E-20,0,0s:4ms,,3.2497669710,6.11%
Packomania 1/2,71,53.93496914,,Packomania 1/2 (71),71,57.13993526,5045171,2.62E-20,0,0s:5ms,,3.2049661248,5.94%
Packomania 1/2,72,54.65674105,,Packomania 1/2 (72),72,57.98591706,5313742,3.15E-20,0,0s:5ms,,3.3291760153,6.09%
Packomania 1/2,73,55.42818864,,Packomania 1/2 (73),73,58.92061484,11763106,2.85E-20,0,0s:11ms,,3.4924262054,6.30%
Packomania 1/2,74,56.17979032,,Packomania 1/2 (74),74,59.38454976,9924481,3.10E-20,0,0s:9ms,,3.2047594461,5.70%
Packomania 1/2,75,56.88186606,,Packomania 1/2 (75),75,60.37897148,10598486,2.87E-20,0,0s:10ms,,3.4971054144,6.15%
Packomania 1/2,76,57.65288799,,Packomania 1/2 (76),76,61.03664465,12179729,4.58E-20,0,0s:12ms,,3.3837566627,5.87%
Packomania 1/2,77,58.42166044,,Packomania 1/2 (77),77,61.73259783,6670363,3.44E-20,0,0s:6ms,,3.3109373885,5.67%
Packomania 1/2,78,59.1476465,,Packomania 1/2 (78),78,62.57629857,6138681,3.07E-20,0,0s:6ms,,3.4286520715,5.80%
Packomania 1/2,79,59.86847145,,Packomania 1/2 (79),79,63.39927675,8596293,3.08E-20,0,0s:8ms,,3.5308053035,5.90%
Packomania 1/2,80,60.63356054,,Packomania 1/2 (80),80,64.2854286,7070704,3.81E-20,0,0s:7ms,,3.6518680539,6.02%
Packomania 1/2,81,61.38066647,,Packomania 1/2 (81),81,65.02500355,6638211,3.45E-20,0,0s:6ms,,3.6443370809,5.94%
Packomania 1/2,82,62.10506478,,Packomania 1/2 (82),82,65.65078433,6894193,4.43E-20,0,0s:6ms,,3.5457195519,5.71%
Packomania 1/2,83,62.88171517,,Packomania 1/2 (83),83,66.23500237,10795939,3.71E-20,0,0s:10ms,,3.3532871953,5.33%
Packomania 1/2,84,63.62031086,,Packomania 1/2 (84),84,67.45460619,7261558,4.45E-20,0,0s:7ms,,3.8342953230,6.03%
Packomania 1/2,85,64.37295794,,Packomania 1/2 (85),85,68.32063478,7230970,4.65E-20,0,0s:7ms,,3.9476768349,6.13%
Packomania 1/2,86,65.10351537,,Packomania 1/2 (86),86,68.97796537,6982242,4.52E-20,0,0s:6ms,,3.8744500057,5.95%
Packomania 1/2,87,65.85511151,,Packomania 1/2 (87),87,69.71427598,6641177,3.52E-20,0,0s:6ms,,3.8591644643,5.86%
Packomania 1/2,88,66.52181857,,Packomania 1/2 (88),88,70.94485009,8386459,5.41E-20,0,0s:8ms,,4.4230315140,6.65%
Packomania 1/2,89,67.3413989,,Packomania 1/2 (89),89,71.79373861,8122026,5.51E-20,0,0s:8ms,,4.4523397045,6.61%
Packomania 1/2,90,68.08292742,,Packomania 1/2 (90),90,72.11066047,7520251,5.72E-20,0,0s:7ms,,4.0277330422,5.92%
Packomania 1/2,91,68.83792287,,Packomania 1/2 (91),91,72.81415128,7811824,5.28E-20,0,0s:7ms,,3.9762284068,5.78%
Packomania 1/2,92,69.58671058,,Packomania 1/2 (92),92,73.49111243,8061359,5.44E-20,0,0s:8ms,,3.9044018523,5.61%
Packomania 1/2,93,70.31569892,,Packomania 1/2 (93),93,74.27702903,9081478,4.04E-20,0,0s:9ms,,3.9613301133,5.63%
Packomania 1/2,94,71.03023084,,Packomania 1/2 (94),94,75.33180092,8097547,6.19E-20,0,0s:8ms,,4.3015700839,6.06%
Packomania 1/2,95,71.82403089,,Packomania 1/2 (95),95,76.50249183,125017918,5.68E-20,0,0s:125ms,,4.6784609402,6.51%
Packomania 1/2,96,72.54565607,,Packomania 1/2 (96),96,77.36198139,10554168,4.75E-20,0,0s:10ms,,4.8163253140,6.64%
Packomania 1/2,97,73.30173645,,Packomania 1/2 (97),97,78.05100651,9056555,6.68E-20,0,0s:9ms,,4.7492700614,6.48%
Packomania 1/2,98,74.06394605,,Packomania 1/2 (98),98,78.39015055,9188981,4.98E-20,0,0s:9ms,,4.3262045063,5.84%
Packomania 1/2,99,74.80086926,,Packomania 1/2 (99),99,79.06946294,8713965,6.39E-20,0,0s:8ms,,4.2685936749,5.71%
Packomania 1/2,100,75.54699422,,Packomania 1/2 (100),100,79.96233173,8554802,6.94E-20,0,0s:8ms,,4.4153375112,5.84%
Packomania -1/2,5,1.751552455,,Packomania -1/2 (5),5,1.802472656,80250,1.57E-23,0,0s:0ms,,0.0509202011,2.91%
Packomania -1/2,6,1.810076939,,Packomania -1/2 (6),6,1.873533983,75723,4.14E-24,0,0s:0ms,,0.0634570432,3.51%
Packomania -1/2,7,1.838724068,,Packomania -1/2 (7),7,1.963882951,102667,4.55E-24,0,0s:0ms,,0.1251588836,6.81%
Packomania -1/2,8,1.858400955,,Packomania -1/2 (8),8,1.963882951,128982,2.56E-23,0,0s:0ms,,0.1054819968,5.68%
Packomania -1/2,9,1.878812755,,Packomania -1/2 (9),9,2.003759856,157673,2.56E-23,0,0s:0ms,,0.1249471003,6.65%
Packomania -1/2,10,1.913435515,,Packomania -1/2 (10),10,2.054440116,192664,2.23E-23,0,0s:0ms,,0.1410046004,7.37%
Packomania -1/2,11,1.929187751,,Packomania -1/2 (11),11,2.055014716,320416,2.40E-23,0,0s:0ms,,0.1258269651,6.52%
Packomania -1/2,12,1.949823437,,Packomania -1/2 (12),12,2.0660242,264211,3.41E-23,0,0s:0ms,,0.1162007622,5.96%
Packomania -1/2,13,1.965236819,,Packomania -1/2 (13),13,2.113388316,319010,3.49E-23,0,0s:0ms,,0.1481514969,7.54%
Packomania -1/2,14,1.980248748,,Packomania -1/2 (14),14,2.14077957,358247,3.49E-23,0,0s:0ms,,0.1605308220,8.11%
Packomania -1/2,15,1.992709274,,Packomania -1/2 (15),15,2.14077957,394504,3.58E-23,0,0s:0ms,,0.1480702960,7.43%
Packomania -1/2,16,2.004585778,,Packomania -1/2 (16),16,2.140794139,487002,3.58E-23,0,0s:0ms,,0.1362083606,6.79%
Packomania -1/2,17,2.015257783,,Packomania -1/2 (17),17,2.140794139,471505,3.58E-23,0,0s:0ms,,0.1255363550,6.23%
Packomania -1/2,18,2.028148582,,Packomania -1/2 (18),18,2.161557565,565156,3.78E-23,0,0s:0ms,,0.1334089823,6.58%
Packomania -1/2,19,2.041997315,,Packomania -1/2 (19),19,2.189486219,563445,4.01E-23,0,0s:0ms,,0.1474889039,7.22%
Packomania -1/2,20,2.051442268,,Packomania -1/2 (20),20,2.195567792,621485,4.12E-23,0,0s:0ms,,0.1441255240,7.03%
Packomania -1/2,21,2.062331108,,Packomania -1/2 (21),21,2.195567792,670096,5.52E-23,0,0s:0ms,,0.1332366847,6.46%
Packomania -1/2,22,2.06796317,,Packomania -1/2 (22),22,2.195567792,713739,5.86E-23,0,0s:0ms,,0.1276046224,6.17%
Packomania -1/2,23,2.079772368,,Packomania -1/2 (23),23,2.195567792,760892,5.16E-23,0,0s:0ms,,0.1157954243,5.57%
Packomania -1/2,24,2.090383164,,Packomania -1/2 (24),24,2.212125838,850009,5.62E-23,0,0s:0ms,,0.1217426733,5.82%
Packomania -1/2,25,2.097527836,,Packomania -1/2 (25),25,2.212125838,896495,5.21E-23,0,0s:0ms,,0.1145980019,5.46%
Packomania -1/2,26,2.107630171,,Packomania -1/2 (26),26,2.212125838,966101,5.21E-23,0,0s:0ms,,0.1044956670,4.96%
Packomania -1/2,27,2.115890492,,Packomania -1/2 (27),27,2.212125838,1061683,6.90E-23,0,0s:1ms,,0.0962353458,4.55%
Packomania -1/2,28,2.122849176,,Packomania -1/2 (28),28,2.25561005,1123786,4.56E-23,0,0s:1ms,,0.1327608737,6.25%
Packomania -1/2,29,2.13197913,,Packomania -1/2 (29),29,2.26989985,1323790,4.65E-23,0,0s:1ms,,0.1379207195,6.47%
Packomania -1/2,30,2.137483926,,Packomania -1/2 (30),30,2.26989985,1365613,7.14E-23,0,0s:1ms,,0.1324159233,6.19%
Packomania -1/2,31,2.148983307,,Packomania -1/2 (31),31,2.272391577,1391049,7.25E-23,0,0s:1ms,,0.1234082702,5.74%
Packomania -1/2,32,2.155354151,,Packomania -1/2 (32),32,2.272391577,1513498,4.76E-23,0,0s:1ms,,0.1170374256,5.43%
Packomania -1/2,33,2.165803682,,Packomania -1/2 (33),33,2.300760835,1882875,5.04E-23,0,0s:1ms,,0.1349571532,6.23%
Packomania -1/2,34,2.174364112,,Packomania -1/2 (34),34,2.300760835,1794092,7.35E-23,0,0s:1ms,,0.1263967230,5.81%
Packomania -1/2,35,2.171162102,,Packomania -1/2 (35),35,2.303126269,10217675,5.65E-23,0,0s:10ms,,0.1319641666,6.08%
Packomania -1/2,36,2.184151152,,Packomania -1/2 (36),36,2.31172537,8099530,5.83E-23,0,0s:8ms,,0.1275742188,5.84%
Packomania -1/2,37,2.190324008,,Packomania -1/2 (37),37,2.31172537,3637056,4.96E-23,0,0s:3ms,,0.1214013622,5.54%
Packomania -1/2,38,2.200283193,,Packomania -1/2 (38),38,2.327362681,7766198,7.64E-23,0,0s:7ms,,0.1270794878,5.78%
Packomania -1/2,39,2.207438262,,Packomania -1/2 (39),39,2.327362681,2487997,7.79E-23,0,0s:2ms,,0.1199244191,5.43%
Packomania -1/2,40,2.215788047,,Packomania -1/2 (40),40,2.336852047,8340358,7.79E-23,0,0s:8ms,,0.1210639995,5.46%
Packomania -1/2,41,2.221496388,,Packomania -1/2 (41),41,2.336852047,2431155,6.05E-23,0,0s:2ms,,0.1153556592,5.19%
Packomania -1/2,42,2.225063517,,Packomania -1/2 (42),42,2.348630674,7355824,9.03E-23,0,0s:7ms,,0.1235671577,5.55%
Packomania -1/2,43,2.225967367,,Packomania -1/2 (43),43,2.348630674,3067520,6.32E-23,0,0s:3ms,,0.1226633073,5.51%
Packomania -1/2,44,2.22976905,,Packomania -1/2 (44),44,2.348630674,13828887,9.27E-23,0,0s:13ms,,0.1188616248,5.33%
Packomania -1/2,45,2.235330122,,Packomania -1/2 (45),45,2.348630674,4419475,9.31E-23,0,0s:4ms,,0.1133005522,5.07%
Packomania -1/2,46,2.24069414,,Packomania -1/2 (46),46,2.348630674,7925503,9.06E-23,0,0s:7ms,,0.1079365346,4.82%
Packomania -1/2,47,2.251179399,,Packomania -1/2 (47),47,2.348630674,3263741,9.42E-23,0,0s:3ms,,0.0974512759,4.33%
Packomania -1/2,48,2.2546717,,Packomania -1/2 (48),48,2.348630674,7558739,8.89E-23,0,0s:7ms,,0.0939589745,4.17%
Packomania -1/2,49,2.259576657,,Packomania -1/2 (49),49,2.348630674,4559348,6.84E-23,0,0s:4ms,,0.0890540172,3.94%
Packomania -1/2,50,2.263343706,,Packomania -1/2 (50),50,2.348630674,7698540,8.91E-23,0,0s:7ms,,0.0852869681,3.77%
Packomania -1/2,51,2.270868233,,Packomania -1/2 (51),51,2.361262988,3783230,6.67E-23,0,0s:3ms,,0.0903947555,3.98%
Packomania -1/2,52,2.279267038,,Packomania -1/2 (52),52,2.367760412,3692700,6.67E-23,0,0s:3ms,,0.0884933744,3.88%
Packomania -1/2,53,2.281766324,,Packomania -1/2 (53),53,2.367760412,3962107,7.09E-23,0,0s:3ms,,0.0859940880,3.77%
Packomania -1/2,54,2.284519164,,Packomania -1/2 (54),54,2.381915573,3905978,7.98E-23,0,0s:3ms,,0.0973964091,4.26%
Packomania -1/2,55,2.285947292,,Packomania -1/2 (55),55,2.383596802,4278773,8.10E-23,0,0s:4ms,,0.0976495093,4.27%
Packomania -1/2,56,2.285979541,,Packomania -1/2 (56),56,2.383596802,4552443,1.01E-22,0,0s:4ms,,0.0976172611,4.27%
Packomania -1/2,57,2.288534442,,Packomania -1/2 (57),57,2.384328728,4264406,8.66E-23,0,0s:4ms,,0.0957942864,4.19%
Packomania -1/2,58,2.292664714,,Packomania -1/2 (58),58,2.385305153,4453678,8.69E-23,0,0s:4ms,,0.0926404388,4.04%
Packomania -1/2,59,2.296297312,,Packomania -1/2 (59),59,2.38689011,6476931,7.69E-23,0,0s:6ms,,0.0905927983,3.95%
Packomania -1/2,60,2.306501919,,Packomania -1/2 (60),60,2.407776328,4786108,9.26E-23,0,0s:4ms,,0.1012744095,4.39%
Packomania -1/2,61,2.311319628,,Packomania -1/2 (61),61,2.409449022,4971327,1.02E-22,0,0s:4ms,,0.0981293940,4.25%
Packomania -1/2,62,2.317481916,,Packomania -1/2 (62),62,2.409449022,5007953,9.30E-23,0,0s:5ms,,0.0919671063,3.97%
Packomania -1/2,63,2.318797322,,Packomania -1/2 (63),63,2.409449022,5238056,9.30E-23,0,0s:5ms,,0.0906517004,3.91%
Packomania -1/2,64,2.320980355,,Packomania -1/2 (64),64,2.409449022,5576144,1.04E-22,0,0s:5ms,,0.0884686673,3.81%
Packomania -1/2,65,2.321469818,,Packomania -1/2 (65),65,2.413031572,5347669,9.62E-23,0,0s:5ms,,0.0915617534,3.94%
Packomania -1/2,66,2.324362904,,Packomania -1/2 (66),66,2.416403418,5409285,9.93E-23,0,0s:5ms,,0.0920405139,3.96%
Packomania -1/2,67,2.332217263,,Packomania -1/2 (67),67,2.416403418,9518924,1.06E-22,0,0s:9ms,,0.0841861545,3.61%
Packomania -1/2,68,2.334282511,,Packomania -1/2 (68),68,2.416403418,11959418,1.20E-22,0,0s:11ms,,0.0821209072,3.52%
Packomania -1/2,69,2.341094038,,Packomania -1/2 (69),69,2.416403418,6222478,8.42E-23,0,0s:6ms,,0.0753093795,3.22%
Packomania -1/2,70,2.344495311,,Packomania -1/2 (70),70,2.41743353,73453562,8.44E-23,0,0s:73ms,,0.0729382190,3.11%
Packomania -1/2,71,2.348186028,,Packomania -1/2 (71),71,2.434594573,6951548,1.08E-22,0,0s:6ms,,0.0864085445,3.68%
Packomania -1/2,72,2.348822083,,Packomania -1/2 (72),72,2.434594573,20341211,9.07E-23,0,0s:20ms,,0.0857724897,3.65%
Packomania -1/2,73,2.347237572,,Packomania -1/2 (73),73,2.434594573,6956666,9.76E-23,0,0s:6ms,,0.0873570010,3.72%
Packomania -1/2,74,2.35004496,,Packomania -1/2 (74),74,2.439743433,7146951,1.09E-22,0,0s:7ms,,0.0896984733,3.82%
Packomania -1/2,75,2.352202465,,Packomania -1/2 (75),75,2.439743433,7253338,8.50E-23,0,0s:7ms,,0.0875409681,3.72%
Packomania -1/2,76,2.352948629,,Packomania -1/2 (76),76,2.446211033,7773062,1.11E-22,0,0s:7ms,,0.0932624035,3.96%
Packomania -1/2,77,2.357614973,,Packomania -1/2 (77),77,2.458852324,7956177,1.09E-22,0,0s:7ms,,0.1012373513,4.29%
Packomania -1/2,78,2.354416639,,Packomania -1/2 (78),78,2.458852324,7845823,9.32E-23,0,0s:7ms,,0.1044356856,4.44%
Packomania -1/2,79,2.355232406,,Packomania -1/2 (79),79,2.458852324,7837418,8.82E-23,0,0s:7ms,,0.1036199180,4.40%
Packomania -1/2,80,2.35721057,,Packomania -1/2 (80),80,2.458852324,7881656,1.13E-22,0,0s:7ms,,0.1016417546,4.31%
Packomania -1/2,81,2.358864905,,Packomania -1/2 (81),81,2.462287263,13538004,9.81E-23,0,0s:13ms,,0.1034223576,4.38%
Packomania -1/2,82,2.362221053,,Packomania -1/2 (82),82,2.462287263,8514815,9.37E-23,0,0s:8ms,,0.1000662097,4.24%
Packomania -1/2,83,2.364586515,,Packomania -1/2 (83),83,2.469562772,11008318,8.81E-23,0,0s:11ms,,0.1049762569,4.44%
Packomania -1/2,84,2.367639497,,Packomania -1/2 (84),84,2.470848575,10327901,1.19E-22,0,0s:10ms,,0.1032090780,4.36%
Packomania -1/2,85,2.369100792,,Packomania -1/2 (85),85,2.477635185,9715970,1.02E-22,0,0s:9ms,,0.1085343927,4.58%
Packomania -1/2,86,2.374745075,,Packomania -1/2 (86),86,2.477635185,9314019,1.16E-22,0,0s:9ms,,0.1028901101,4.33%
Packomania -1/2,87,2.37769523,,Packomania -1/2 (87),87,2.477635185,12152636,1.13E-22,0,0s:12ms,,0.0999399553,4.20%
Packomania -1/2,88,2.378456936,,Packomania -1/2 (88),88,2.477635185,10121280,8.97E-23,0,0s:10ms,,0.0991782491,4.17%
Packomania -1/2,89,2.382644831,,Packomania -1/2 (89),89,2.477635185,28178650,1.20E-22,0,0s:28ms,,0.0949903541,3.99%
Packomania -1/2,90,2.388107932,,Packomania -1/2 (90),90,2.477635185,10378450,9.94E-23,0,0s:10ms,,0.0895272530,3.75%
Packomania -1/2,91,2.40120373,,Packomania -1/2 (91),91,2.477635185,9978707,8.96E-23,0,0s:9ms,,0.0764314548,3.18%
Packomania -1/2,92,2.40172684,,Packomania -1/2 (92),92,2.477635185,16575752,1.06E-22,0,0s:16ms,,0.0759083455,3.16%
Packomania -1/2,93,2.404023803,,Packomania -1/2 (93),93,2.477635185,11337480,1.09E-22,0,0s:11ms,,0.0736113818,3.06%
Packomania -1/2,94,2.404197382,,Packomania -1/2 (94),94,2.477635185,10360409,9.02E-23,0,0s:10ms,,0.0734378028,3.05%
Packomania -1/2,95,2.410782192,,Packomania -1/2 (95),95,2.48978687,10263458,1.04E-22,0,0s:10ms,,0.0790046782,3.28%
Packomania -1/2,96,2.413190402,,Packomania -1/2 (96),96,2.490964995,25127553,9.37E-23,0,0s:25ms,,0.0777745929,3.22%
Packomania -1/2,97,2.412677724,,Packomania -1/2 (97),97,2.490964995,15182954,1.10E-22,0,0s:15ms,,0.0782872702,3.24%
Packomania -1/2,98,2.414386149,,Packomania -1/2 (98),98,2.497843145,11965746,1.32E-22,0,0s:11ms,,0.0834569954,3.46%
Packomania -1/2,99,2.416192906,,Packomania -1/2 (99),99,2.497843145,19431432,9.38E-23,0,0s:19ms,,0.0816502382,3.38%
Packomania -1/2,100,2.426033793,,Packomania -1/2 (100),100,2.495438263,27551427,1.13E-22,0,0s:27ms,,0.0694044704,2.86%
Packomania -2/3,5,1.629960525,,Packomania -2/3 (5),5,1.629960525,78290,5.38E-24,0,0s:0ms,,0.0000000000,0.00%
Packomania -2/3,6,1.629960525,,Packomania -2/3 (6),6,1.629960525,72294,9.93E-24,0,0s:0ms,,0.0000000000,0.00%
Packomania -2/3,7,1.62997278,,Packomania -2/3 (7),7,1.653697845,119947,1.01E-23,0,0s:0ms,,0.0237250648,1.46%
Packomania -2/3,8,1.631484075,,Packomania -2/3 (8),8,1.654338063,133866,6.41E-24,0,0s:0ms,,0.0228539885,1.40%
Packomania -2/3,9,1.637863996,,Packomania -2/3 (9),9,1.679866987,165909,1.22E-23,0,0s:0ms,,0.0420029910,2.56%
Packomania -2/3,10,1.646957238,,Packomania -2/3 (10),10,1.679866987,208824,1.65E-23,0,0s:0ms,,0.0329097486,2.00%
Packomania -2/3,11,1.650313825,,Packomania -2/3 (11),11,1.682192134,240750,1.66E-23,0,0s:0ms,,0.0318783092,1.93%
Packomania -2/3,12,1.656760259,,Packomania -2/3 (12),12,1.683078469,276196,1.30E-23,0,0s:0ms,,0.0263182105,1.59%
Packomania -2/3,13,1.662778033,,Packomania -2/3 (13),13,1.714281175,343055,1.36E-23,0,0s:0ms,,0.0515031423,3.10%
Packomania -2/3,14,1.670183528,,Packomania -2/3 (14),14,1.729067653,381094,2.02E-23,0,0s:0ms,,0.0588841247,3.53%
Packomania -2/3,15,1.673001055,,Packomania -2/3 (15),15,1.729067653,637292,3.03E-23,0,0s:0ms,,0.0560665977,3.35%
Packomania -2/3,16,1.679631815,,Packomania -2/3 (16),16,1.73789466,464638,1.80E-23,0,0s:0ms,,0.0582628453,3.47%
Packomania -2/3,17,1.683840973,,Packomania -2/3 (17),17,1.73789466,594512,1.80E-23,0,0s:0ms,,0.0540536868,3.21%
Packomania -2/3,18,1.686025242,,Packomania -2/3 (18),18,1.738271955,589451,1.80E-23,0,0s:0ms,,0.0522467129,3.10%
Packomania -2/3,19,1.689532602,,Packomania -2/3 (19),19,1.770039695,1003586,3.11E-23,0,0s:1ms,,0.0805070930,4.77%
Packomania -2/3,20,1.696447725,,Packomania -2/3 (20),20,1.770039695,849365,3.11E-23,0,0s:0ms,,0.0735919695,4.34%
Packomania -2/3,21,1.698943028,,Packomania -2/3 (21),21,1.770039695,1163113,2.08E-23,0,0s:1ms,,0.0710966671,4.18%
Packomania -2/3,22,1.700668034,,Packomania -2/3 (22),22,1.770757259,792508,2.13E-23,0,0s:0ms,,0.0700892256,4.12%
Packomania -2/3,23,1.703933782,,Packomania -2/3 (23),23,1.770757259,857664,3.60E-23,0,0s:0ms,,0.0668234774,3.92%
Packomania -2/3,24,1.705387705,,Packomania -2/3 (24),24,1.770757259,895857,3.60E-23,0,0s:0ms,,0.0653695549,3.83%
Packomania -2/3,25,1.712330424,,Packomania -2/3 (25),25,1.770757259,1020625,2.57E-23,0,0s:1ms,,0.0584268354,3.41%
Packomania -2/3,26,1.714593298,,Packomania -2/3 (26),26,1.771802524,1742068,2.69E-23,0,0s:1ms,,0.0572092258,3.34%
Packomania -2/3,27,1.718985638,,Packomania -2/3 (27),27,1.785339316,1656968,4.14E-23,0,0s:1ms,,0.0663536785,3.86%
Packomania -2/3,28,1.721909048,,Packomania -2/3 (28),28,1.785339316,1630581,4.14E-23,0,0s:1ms,,0.0634302683,3.68%
Packomania -2/3,29,1.722427772,,Packomania -2/3 (29),29,1.785339316,1864777,2.74E-23,0,0s:1ms,,0.0629115448,3.65%
Packomania -2/3,30,1.725040754,,Packomania -2/3 (30),30,1.785339316,7815823,2.85E-23,0,0s:7ms,,0.0602985628,3.50%
Packomania -2/3,31,1.72537599,,Packomania -2/3 (31),31,1.785339316,12451166,5.07E-23,0,0s:12ms,,0.0599633265,3.48%
Packomania -2/3,32,1.727084673,,Packomania -2/3 (32),32,1.785339316,2095827,2.98E-23,0,0s:2ms,,0.0582546429,3.37%
Packomania -2/3,33,1.731890808,,Packomania -2/3 (33),33,1.785339316,2418480,2.86E-23,0,0s:2ms,,0.0534485086,3.09%
Packomania -2/3,34,1.732984603,,Packomania -2/3 (34),34,1.785339316,2397462,5.42E-23,0,0s:2ms,,0.0523547133,3.02%
Packomania -2/3,35,1.733788081,,Packomania -2/3 (35),35,1.785339316,1851284,5.44E-23,0,0s:1ms,,0.0515512354,2.97%
Packomania -2/3,36,1.733942525,,Packomania -2/3 (36),36,1.785339316,2428765,5.32E-23,0,0s:2ms,,0.0513967910,2.96%
Packomania -2/3,37,1.73433911,,Packomania -2/3 (37),37,1.785480739,1741375,2.91E-23,0,0s:1ms,,0.0511416288,2.95%
Packomania -2/3,38,1.736647727,,Packomania -2/3 (38),38,1.785480739,1863526,2.93E-23,0,0s:1ms,,0.0488330114,2.81%
Packomania -2/3,39,1.740163339,,Packomania -2/3 (39),39,1.793653228,1850155,5.70E-23,0,0s:1ms,,0.0534898894,3.07%
Packomania -2/3,40,1.740440323,,Packomania -2/3 (40),40,1.793653228,1832637,5.70E-23,0,0s:1ms,,0.0532129052,3.06%
Packomania -2/3,41,1.743049384,,Packomania -2/3 (41),41,1.793653228,1973430,3.81E-23,0,0s:1ms,,0.0506038436,2.90%
Packomania -2/3,42,1.74463862,,Packomania -2/3 (42),42,1.793653228,2245548,5.13E-23,0,0s:2ms,,0.0490146083,2.81%
Packomania -2/3,43,1.746050874,,Packomania -2/3 (43),43,1.793653228,2134068,6.09E-23,0,0s:2ms,,0.0476023541,2.73%
Packomania -2/3,44,1.747310651,,Packomania -2/3 (44),44,1.793653228,2241118,3.00E-23,0,0s:2ms,,0.0463425767,2.65%
Packomania -2/3,45,1.74702235,,Packomania -2/3 (45),45,1.793653228,2338927,3.00E-23,0,0s:2ms,,0.0466308777,2.67%
Packomania -2/3,46,1.747830527,,Packomania -2/3 (46),46,1.793653228,2436163,3.32E-23,0,0s:2ms,,0.0458227015,2.62%
Packomania -2/3,47,1.750876036,,Packomania -2/3 (47),47,1.793653228,2539773,4.10E-23,0,0s:2ms,,0.0427771925,2.44%
Packomania -2/3,48,1.752745314,,Packomania -2/3 (48),48,1.79723811,2601936,5.44E-23,0,0s:2ms,,0.0444927958,2.54%
Packomania -2/3,49,1.753835619,,Packomania -2/3 (49),49,1.79723811,2612315,6.29E-23,0,0s:2ms,,0.0434024905,2.47%
Packomania -2/3,50,1.754493929,,Packomania -2/3 (50),50,1.79723811,2830962,4.95E-23,0,0s:2ms,,0.0427441809,2.44%
Packomania -2/3,51,1.754510736,,Packomania -2/3 (51),51,1.79723811,2944057,7.10E-23,0,0s:2ms,,0.0427273733,2.44%
Packomania -2/3,52,1.754548663,,Packomania -2/3 (52),52,1.79723811,2844853,6.67E-23,0,0s:2ms,,0.0426894470,2.43%
Packomania -2/3,53,1.757284994,,Packomania -2/3 (53),53,1.797834156,5209831,5.24E-23,0,0s:5ms,,0.0405491620,2.31%
Packomania -2/3,54,1.76113362,,Packomania -2/3 (54),54,1.801421901,4066003,4.67E-23,0,0s:4ms,,0.0402882810,2.29%
Packomania -2/3,55,1.768231856,,Packomania -2/3 (55),55,1.801421901,3278236,6.00E-23,0,0s:3ms,,0.0331900447,1.88%
Missing from website,56,Missing,,Packomania -2/3 (56),56,1.803122244,3429766,5.13E-23,0,0s:3ms,,,
Packomania -2/3,57,1.772557462,,Packomania -2/3 (57),57,1.803122244,7825501,5.16E-23,0,0s:7ms,,0.0305647820,1.72%
Packomania -2/3,58,1.772711083,,Packomania -2/3 (58),58,1.803122244,6618662,6.70E-23,0,0s:6ms,,0.0304111611,1.72%
Packomania -2/3,59,1.774022224,,Packomania -2/3 (59),59,1.803122244,4925208,6.83E-23,0,0s:4ms,,0.0291000203,1.64%
Packomania -2/3,60,1.772831554,,Packomania -2/3 (60),60,1.806012683,4150304,7.97E-23,0,0s:4ms,,0.0331811293,1.87%
Packomania -1/5,5,2.244615846,,Packomania -1/5 (5),5,2.417764166,53382,3.31E-24,0,0s:0ms,,0.1731483194,7.71%
Packomania -1/5,6,2.387986383,,Packomania -1/5 (6),6,2.490641404,75509,3.31E-24,0,0s:0ms,,0.1026550210,4.30%
Packomania -1/5,7,2.422623343,,Packomania -1/5 (7),7,2.541024002,237583,6.62E-24,0,0s:0ms,,0.1184006594,4.89%
Packomania -1/5,8,2.523820904,,Packomania -1/5 (8),8,2.802493413,144833,1.41E-23,0,0s:0ms,,0.2786725086,11.04%
Packomania -1/5,9,2.630026572,,Packomania -1/5 (9),9,2.893082814,170977,1.74E-23,0,0s:0ms,,0.2630562428,10.00%
Packomania -1/5,10,2.715784826,,Packomania -1/5 (10),10,3.043778646,202150,1.82E-23,0,0s:0ms,,0.3279938201,12.08%
Packomania -1/5,11,2.767466306,,Packomania -1/5 (11),11,3.06381508,236273,1.41E-23,0,0s:0ms,,0.2963487739,10.71%
Packomania -1/5,12,2.829018403,,Packomania -1/5 (12),12,3.06381508,314581,1.74E-23,0,0s:0ms,,0.2347966767,8.30%
Packomania -1/5,13,2.92391778,,Packomania -1/5 (13),13,3.146230401,322915,2.07E-23,0,0s:0ms,,0.2223126209,7.60%
Packomania -1/5,14,2.984783969,,Packomania -1/5 (14),14,3.31986946,433804,2.48E-23,0,0s:0ms,,0.3350854907,11.23%
Packomania -1/5,15,3.040492052,,Packomania -1/5 (15),15,3.31986946,476337,3.14E-23,0,0s:0ms,,0.2793774083,9.19%
Packomania -1/5,16,3.096414432,,Packomania -1/5 (16),16,3.33097666,449163,3.14E-23,0,0s:0ms,,0.2345622289,7.58%
Packomania -1/5,17,3.15212915,,Packomania -1/5 (17),17,3.438918964,619179,2.98E-23,0,0s:0ms,,0.2867898134,9.10%
Packomania -1/5,18,3.214823783,,Packomania -1/5 (18),18,3.529068281,1267235,4.05E-23,0,0s:1ms,,0.3142444981,9.77%
Packomania -1/5,19,3.259332781,,Packomania -1/5 (19),19,3.574355458,680713,4.05E-23,0,0s:0ms,,0.3150226770,9.67%
Packomania -1/5,20,3.311831017,,Packomania -1/5 (20),20,3.595528088,664258,4.47E-23,0,0s:0ms,,0.2836970703,8.57%
Packomania -1/5,21,3.36159381,,Packomania -1/5 (21),21,3.813698731,762643,4.47E-23,0,0s:0ms,,0.4521049215,13.45%
Packomania -1/5,22,3.411451256,,Packomania -1/5 (22),22,3.813698731,825674,4.71E-23,0,0s:0ms,,0.4022474751,11.79%
Packomania -1/5,23,3.450137359,,Packomania -1/5 (23),23,3.826191897,1368316,6.20E-23,0,0s:1ms,,0.3760545382,10.90%
Packomania -1/5,24,3.502510278,,Packomania -1/5 (24),24,3.849500792,1098606,6.87E-23,0,0s:1ms,,0.3469905142,9.91%
Packomania -1/5,25,3.545245578,,Packomania -1/5 (25),25,3.849500792,18885635,8.35E-23,0,0s:18ms,,0.3042552139,8.58%
Packomania -1/5,26,3.591133783,,Packomania -1/5 (26),26,3.969766564,1127785,8.93E-23,0,0s:1ms,,0.3786327815,10.54%
Packomania -1/5,27,3.632687191,,Packomania -1/5 (27),27,4.057652417,29703032,8.77E-23,0,0s:29ms,,0.4249652256,11.70%
Packomania -1/5,28,3.673947341,,Packomania -1/5 (28),28,4.057652417,1220294,8.77E-23,0,0s:1ms,,0.3837050759,10.44%
Packomania -1/5,29,3.709614743,,Packomania -1/5 (29),29,4.102992738,1332056,9.51E-23,0,0s:1ms,,0.3933779955,10.60%
Packomania -1/5,30,3.753020534,,Packomania -1/5 (30),30,4.102992738,1307690,1.03E-22,0,0s:1ms,,0.3499722044,9.33%
Packomania -1/5,31,3.794636899,,Packomania -1/5 (31),31,4.100467051,1427494,1.08E-22,0,0s:1ms,,0.3058301526,8.06%
Packomania -1/5,32,3.826360682,,Packomania -1/5 (32),32,4.161242705,1547135,1.06E-22,0,0s:1ms,,0.3348820228,8.75%
Packomania -1/5,33,3.866024486,,Packomania -1/5 (33),33,4.161242705,2042697,1.36E-22,0,0s:2ms,,0.2952182183,7.64%
Packomania -1/5,34,3.901727549,,Packomania -1/5 (34),34,4.27545313,2239536,1.12E-22,0,0s:2ms,,0.3737255803,9.58%
Packomania -1/5,35,3.936688768,,Packomania -1/5 (35),35,4.291727438,1837672,1.24E-22,0,0s:1ms,,0.3550386705,9.02%
Packomania -1/5,36,3.969717962,,Packomania -1/5 (36),36,4.308499631,1960004,1.24E-22,0,0s:1ms,,0.3387816690,8.53%
Packomania -1/5,37,4.006158224,,Packomania -1/5 (37),37,4.360397929,2147549,1.46E-22,0,0s:2ms,,0.3542397051,8.84%
Packomania -1/5,38,4.038554895,,Packomania -1/5 (38),38,4.363613142,2001658,1.22E-22,0,0s:2ms,,0.3250582469,8.05%
Packomania -1/5,39,4.074618568,,Packomania -1/5 (39),39,4.457940853,2087459,1.32E-22,0,0s:2ms,,0.3833222845,9.41%
Packomania -1/5,40,4.105672784,,Packomania -1/5 (40),40,4.500185046,2054267,1.32E-22,0,0s:2ms,,0.3945122618,9.61%
Packomania -1/5,41,4.129990611,,Packomania -1/5 (41),41,4.500185046,2222821,1.70E-22,0,0s:2ms,,0.3701944350,8.96%
Packomania -1/5,42,4.170056305,,Packomania -1/5 (42),42,4.516843613,2236977,1.63E-22,0,0s:2ms,,0.3467873080,8.32%
Packomania -1/5,43,4.196545217,,Packomania -1/5 (43),43,4.556691854,2316002,1.34E-22,0,0s:2ms,,0.3601466376,8.58%
Packomania -1/5,44,4.230014441,,Packomania -1/5 (44),44,4.556691854,2319827,1.32E-22,0,0s:2ms,,0.3266774127,7.72%
Packomania -1/5,45,4.258819887,,Packomania -1/5 (45),45,4.559478152,2549444,1.94E-22,0,0s:2ms,,0.3006582655,7.06%
Packomania -1/5,46,4.279963899,,Packomania -1/5 (46),46,4.578989471,2604435,2.44E-22,0,0s:2ms,,0.2990255718,6.99%
Packomania -1/5,47,4.31934031,,Packomania -1/5 (47),47,4.684566353,2860886,1.94E-22,0,0s:2ms,,0.3652260424,8.46%
Packomania -1/5,48,4.340298255,,Packomania -1/5 (48),48,4.718254714,2836664,1.94E-22,0,0s:2ms,,0.3779564595,8.71%
Packomania -1/5,49,4.369922887,,Packomania -1/5 (49),49,4.718254714,2892322,2.30E-22,0,0s:2ms,,0.3483318277,7.97%
Packomania -1/5,50,4.398199789,,Packomania -1/5 (50),50,4.718254714,3154120,2.30E-22,0,0s:3ms,,0.3200549252,7.28%
Packomania -1/5,51,4.421005635,,Packomania -1/5 (51),51,4.789771253,3120065,1.39E-22,0,0s:3ms,,0.3687656172,8.34%
Packomania -1/5,52,4.457103013,,Packomania -1/5 (52),52,4.79446383,3147235,1.39E-22,0,0s:3ms,,0.3373608175,7.57%
Packomania -1/5,53,4.481095278,,Packomania -1/5 (53),53,4.88401277,3407123,2.48E-22,0,0s:3ms,,0.4029174922,8.99%
Packomania -1/5,54,4.507233924,,Packomania -1/5 (54),54,4.94871256,3414287,2.02E-22,0,0s:3ms,,0.4414786359,9.79%
Packomania -1/5,55,4.533359692,,Packomania -1/5 (55),55,4.94871256,3427068,2.06E-22,0,0s:3ms,,0.4153528680,9.16%
Packomania -1/5,56,4.552402168,,Packomania -1/5 (56),56,4.94871256,3536764,2.53E-22,0,0s:3ms,,0.3963103920,8.71%
Packomania -1/5,57,4.583331939,,Packomania -1/5 (57),57,4.960637843,3826572,2.06E-22,0,0s:3ms,,0.3773059034,8.23%
Packomania -1/5,58,4.604279546,,Packomania -1/5 (58),58,5.006194354,3706327,2.79E-22,0,0s:3ms,,0.4019148082,8.73%
Packomania -1/5,59,4.633931987,,Packomania -1/5 (59),59,5.015140166,4869603,1.56E-22,0,0s:4ms,,0.3812081781,8.23%
Packomania -1/5,60,4.661004393,,Packomania -1/5 (60),60,5.039668431,5087174,1.56E-22,0,0s:5ms,,0.3786640380,8.12%
Packomania -1/5,61,4.67975982,,Packomania -1/5 (61),61,5.039668431,4473516,1.77E-22,0,0s:4ms,,0.3599086110,7.69%
Packomania -1/5,62,4.703936871,,Packomania -1/5 (62),62,5.08559604,4082985,1.66E-22,0,0s:4ms,,0.3816591685,8.11%
Packomania -1/5,63,4.734693491,,Packomania -1/5 (63),63,5.08559604,4405662,2.92E-22,0,0s:4ms,,0.3509025491,7.41%
Packomania -1/5,64,4.754788576,,Packomania -1/5 (64),64,5.09503129,9016206,3.04E-22,0,0s:9ms,,0.3402427132,7.16%